DATA,PRECIPITACAO_TOTAL_MM,TEMP_MEDIA_C,TEMP_MAXIMA_C,TEMP_MINIMA_C,UMIDADE_MEDIA,VENTO_VELOCIDADE_MEDIA_MS,CLASSIFICACAO_ESTACAO,CLASSIFICACAO_TEMP_MEDIA,DIA_SEMANA
01/01/2016,46.0,23.85,30.2,21.1,73.62,2.7,VERAO,AGRADAVEL,SEXTA-FEIRA
02/01/2016,5.4,22.71,26.7,21.1,83.25,1.49,VERAO,AGRADAVEL,SÁBADO
03/01/2016,1.0,21.7,23.9,20.0,80.79,1.94,VERAO,AGRADAVEL,DOMINGO
04/01/2016,0.2,21.57,26.3,18.5,71.96,3.13,VERAO,AGRADAVEL,SEGUNDA-FEIRA
05/01/2016,0.0,22.57,29.2,18.3,65.12,2.91,VERAO,AGRADAVEL,TERÇA-FEIRA
06/01/2016,0.0,23.45,32.0,18.6,64.92,2.14,VERAO,AGRADAVEL,QUARTA-FEIRA
07/01/2016,0.0,24.9,31.5,19.3,59.25,2.01,VERAO,QUENTE,QUINTA-FEIRA
08/01/2016,0.0,26.01,32.1,21.7,55.62,1.48,VERAO,QUENTE,SEXTA-FEIRA
09/01/2016,13.8,24.33,29.8,21.4,71.79,1.39,VERAO,QUENTE,SÁBADO
10/01/2016,15.2,23.31,27.9,20.8,78.67,1.63,VERAO,AGRADAVEL,DOMINGO
11/01/2016,11.8,22.15,23.3,20.9,80.71,3.18,VERAO,AGRADAVEL,SEGUNDA-FEIRA
12/01/2016,6.6,22.75,24.8,21.7,81.29,2.62,VERAO,AGRADAVEL,TERÇA-FEIRA
13/01/2016,0.2,24.29,29.7,22.0,75.08,1.68,VERAO,QUENTE,QUARTA-FEIRA
14/01/2016,13.4,23.02,25.8,21.3,81.75,1.98,VERAO,AGRADAVEL,QUINTA-FEIRA
15/01/2016,25.6,20.6,22.1,19.5,89.54,1.15,VERAO,AGRADAVEL,SEXTA-FEIRA
16/01/2016,0.0,20.73,25.8,18.4,72.71,2.49,VERAO,AGRADAVEL,SÁBADO
17/01/2016,0.0,20.34,27.0,16.0,64.75,3.17,VERAO,AGRADAVEL,DOMINGO
18/01/2016,0.2,19.89,22.7,17.7,73.88,3.3,VERAO,AGRADAVEL,SEGUNDA-FEIRA
19/01/2016,0.2,19.43,22.3,17.8,71.96,3.39,VERAO,AGRADAVEL,TERÇA-FEIRA
20/01/2016,0.0,19.54,22.6,18.0,73.38,3.02,VERAO,AGRADAVEL,QUARTA-FEIRA
21/01/2016,0.0,20.79,25.6,17.2,65.21,3.29,VERAO,AGRADAVEL,QUINTA-FEIRA
22/01/2016,0.0,19.89,23.9,16.5,68.54,3.05,VERAO,AGRADAVEL,SEXTA-FEIRA
23/01/2016,0.0,21.29,27.1,18.1,69.0,2.33,VERAO,AGRADAVEL,SÁBADO
24/01/2016,3.2,21.9,27.7,18.9,73.25,1.6,VERAO,AGRADAVEL,DOMINGO
25/01/2016,0.0,24.53,32.0,19.1,66.88,1.72,VERAO,QUENTE,SEGUNDA-FEIRA
26/01/2016,0.4,25.93,32.9,21.1,60.33,2.25,VERAO,QUENTE,TERÇA-FEIRA
27/01/2016,35.6,23.85,30.0,19.6,75.88,1.05,VERAO,AGRADAVEL,QUARTA-FEIRA
28/01/2016,0.6,23.39,28.6,20.7,75.58,1.9,VERAO,AGRADAVEL,QUINTA-FEIRA
29/01/2016,0.0,24.05,28.0,21.2,71.62,2.34,VERAO,QUENTE,SEXTA-FEIRA
30/01/2016,2.4,25.15,30.0,20.9,64.33,1.65,VERAO,QUENTE,SÁBADO
31/01/2016,0.0,27.4,32.8,21.6,45.79,1.5,VERAO,QUENTE,DOMINGO
01/02/2016,0.0,28.0,32.7,22.7,42.58,1.38,VERAO,QUENTE,SEGUNDA-FEIRA
02/02/2016,5.0,25.82,31.5,22.5,63.92,1.6,VERAO,QUENTE,TERÇA-FEIRA
03/02/2016,3.4,25.03,30.8,21.0,65.75,2.02,VERAO,QUENTE,QUARTA-FEIRA
04/02/2016,0.0,24.32,28.6,21.5,67.75,1.88,VERAO,QUENTE,QUINTA-FEIRA
05/02/2016,1.4,25.78,33.0,21.5,62.42,1.51,VERAO,QUENTE,SEXTA-FEIRA
06/02/2016,17.0,23.92,29.4,20.4,74.5,1.57,VERAO,AGRADAVEL,SÁBADO
07/02/2016,0.2,23.63,30.1,20.8,74.12,1.91,VERAO,AGRADAVEL,DOMINGO
08/02/2016,0.0,22.05,31.7,0.0,57.62,1.63,VERAO,AGRADAVEL,SEGUNDA-FEIRA
09/02/2016,0.0,0.0,0.0,0.0,0.0,0.0,VERAO,MUITO_FRIO,TERÇA-FEIRA
10/02/2016,0.0,0.0,0.0,0.0,0.0,0.0,VERAO,MUITO_FRIO,QUARTA-FEIRA
11/02/2016,0.0,9.06,27.4,0.0,26.88,0.98,VERAO,MUITO_FRIO,QUINTA-FEIRA
12/02/2016,0.0,22.5,28.2,18.6,65.12,2.57,VERAO,AGRADAVEL,SEXTA-FEIRA
13/02/2016,0.0,23.07,29.9,19.0,65.21,2.19,VERAO,AGRADAVEL,SÁBADO
14/02/2016,0.0,25.68,32.6,20.4,61.71,1.8,VERAO,QUENTE,DOMINGO
15/02/2016,19.8,24.97,31.1,20.9,70.38,1.56,VERAO,QUENTE,SEGUNDA-FEIRA
16/02/2016,2.8,23.32,28.1,20.3,73.71,1.58,VERAO,AGRADAVEL,TERÇA-FEIRA
17/02/2016,0.8,24.7,30.2,21.6,69.58,1.66,VERAO,QUENTE,QUARTA-FEIRA
18/02/2016,4.4,24.36,31.5,21.4,71.38,2.08,VERAO,QUENTE,QUINTA-FEIRA
19/02/2016,0.0,24.52,31.1,21.1,68.96,1.28,VERAO,QUENTE,SEXTA-FEIRA
20/02/2016,31.2,24.88,30.4,20.0,69.08,1.63,VERAO,QUENTE,SÁBADO
21/02/2016,68.8,22.82,25.3,20.7,78.62,1.29,VERAO,AGRADAVEL,DOMINGO
22/02/2016,6.0,21.6,24.0,20.1,82.75,1.5,VERAO,AGRADAVEL,SEGUNDA-FEIRA
23/02/2016,0.6,22.92,25.9,20.9,74.67,2.0,VERAO,AGRADAVEL,TERÇA-FEIRA
24/02/2016,10.0,23.15,28.6,20.7,73.25,1.54,VERAO,AGRADAVEL,QUARTA-FEIRA
25/02/2016,0.4,24.27,30.5,20.8,63.67,1.69,VERAO,QUENTE,QUINTA-FEIRA
26/02/2016,21.4,24.33,30.0,20.9,68.04,2.2,VERAO,QUENTE,SEXTA-FEIRA
27/02/2016,0.2,23.65,25.0,22.4,71.21,2.14,VERAO,AGRADAVEL,SÁBADO
28/02/2016,14.6,24.03,27.5,20.8,71.83,1.86,VERAO,QUENTE,DOMINGO
29/02/2016,15.8,20.0,21.2,19.0,81.75,2.24,VERAO,AGRADAVEL,SEGUNDA-FEIRA
01/03/2016,37.0,18.34,20.0,16.7,86.67,2.08,VERAO,AGRADAVEL,TERÇA-FEIRA
02/03/2016,19.0,19.75,23.5,18.4,85.79,2.17,VERAO,AGRADAVEL,QUARTA-FEIRA
03/03/2016,8.0,21.21,24.5,19.3,82.04,1.89,VERAO,AGRADAVEL,QUINTA-FEIRA
04/03/2016,25.0,22.6,27.3,19.2,74.54,2.86,VERAO,AGRADAVEL,SEXTA-FEIRA
05/03/2016,0.0,23.5,28.4,19.7,67.08,2.04,VERAO,AGRADAVEL,SÁBADO
06/03/2016,3.2,23.96,30.7,20.6,72.25,1.77,VERAO,AGRADAVEL,DOMINGO
07/03/2016,11.2,23.32,30.7,19.9,74.29,1.57,VERAO,AGRADAVEL,SEGUNDA-FEIRA
08/03/2016,0.0,23.28,29.6,20.2,73.96,2.04,VERAO,AGRADAVEL,TERÇA-FEIRA
09/03/2016,0.0,24.82,30.8,20.8,67.54,2.06,VERAO,QUENTE,QUARTA-FEIRA
10/03/2016,20.2,23.13,24.6,20.9,76.21,1.3,VERAO,AGRADAVEL,QUINTA-FEIRA
11/03/2016,82.8,22.02,25.8,19.1,84.42,2.15,VERAO,AGRADAVEL,SEXTA-FEIRA
12/03/2016,0.0,22.61,27.0,20.3,73.54,1.71,VERAO,AGRADAVEL,SÁBADO
13/03/2016,0.0,20.54,23.7,18.7,72.75,2.36,VERAO,AGRADAVEL,DOMINGO
14/03/2016,0.0,21.67,27.3,19.2,75.67,2.33,VERAO,AGRADAVEL,SEGUNDA-FEIRA
15/03/2016,0.0,22.6,28.3,19.7,72.33,2.28,VERAO,AGRADAVEL,TERÇA-FEIRA
16/03/2016,0.8,22.08,25.4,19.9,74.04,2.25,VERAO,AGRADAVEL,QUARTA-FEIRA
17/03/2016,0.0,22.51,28.1,19.6,69.75,2.28,VERAO,AGRADAVEL,QUINTA-FEIRA
18/03/2016,0.0,23.09,28.6,19.3,69.5,1.61,VERAO,AGRADAVEL,SEXTA-FEIRA
19/03/2016,0.0,23.6,31.2,18.9,65.08,1.45,VERAO,AGRADAVEL,SÁBADO
20/03/2016,0.0,22.7,28.6,19.0,67.96,2.01,VERAO,AGRADAVEL,DOMINGO
21/03/2016,0.0,24.12,30.4,20.3,65.54,2.41,OUTONO,QUENTE,SEGUNDA-FEIRA
22/03/2016,0.2,24.62,30.0,21.2,65.83,1.66,OUTONO,QUENTE,TERÇA-FEIRA
23/03/2016,4.6,23.6,28.1,20.7,65.46,1.14,OUTONO,AGRADAVEL,QUARTA-FEIRA
24/03/2016,0.2,21.76,27.0,19.0,74.96,2.34,OUTONO,AGRADAVEL,QUINTA-FEIRA
25/03/2016,21.4,22.33,28.2,20.1,74.88,2.52,OUTONO,AGRADAVEL,SEXTA-FEIRA
26/03/2016,1.0,23.32,27.8,20.1,72.38,2.0,OUTONO,AGRADAVEL,SÁBADO
27/03/2016,0.0,24.85,29.2,21.6,63.25,1.82,OUTONO,QUENTE,DOMINGO
28/03/2016,0.0,25.36,30.0,21.9,70.25,1.12,OUTONO,QUENTE,SEGUNDA-FEIRA
29/03/2016,14.6,24.07,30.5,19.7,69.75,1.47,OUTONO,QUENTE,TERÇA-FEIRA
30/03/2016,0.0,24.02,29.3,21.1,73.04,1.96,OUTONO,QUENTE,QUARTA-FEIRA
31/03/2016,0.6,24.47,31.0,21.0,70.62,1.6,OUTONO,QUENTE,QUINTA-FEIRA
01/04/2016,0.0,24.05,28.7,21.0,70.08,1.76,OUTONO,QUENTE,SEXTA-FEIRA
02/04/2016,0.0,22.52,29.5,19.0,71.21,1.67,OUTONO,AGRADAVEL,SÁBADO
03/04/2016,0.0,24.41,30.7,19.8,68.04,1.45,OUTONO,QUENTE,DOMINGO
04/04/2016,0.0,24.08,28.4,21.1,68.5,1.43,OUTONO,QUENTE,SEGUNDA-FEIRA
05/04/2016,0.0,23.46,29.4,19.8,65.17,2.11,OUTONO,AGRADAVEL,TERÇA-FEIRA
06/04/2016,0.0,23.44,29.5,19.4,65.83,1.57,OUTONO,AGRADAVEL,QUARTA-FEIRA
07/04/2016,0.0,25.13,31.9,19.3,57.5,1.15,OUTONO,QUENTE,QUINTA-FEIRA
08/04/2016,0.0,24.86,30.4,21.1,61.83,1.1,OUTONO,QUENTE,SEXTA-FEIRA
09/04/2016,0.0,25.36,32.3,20.4,64.83,1.03,OUTONO,QUENTE,SÁBADO
10/04/2016,0.0,25.09,30.9,21.7,66.54,1.15,OUTONO,QUENTE,DOMINGO
11/04/2016,0.0,24.24,29.5,21.2,68.83,2.1,OUTONO,QUENTE,SEGUNDA-FEIRA
12/04/2016,0.0,24.23,30.6,20.3,67.38,1.72,OUTONO,QUENTE,TERÇA-FEIRA
13/04/2016,0.0,24.22,30.3,20.8,67.0,1.75,OUTONO,QUENTE,QUARTA-FEIRA
14/04/2016,0.0,25.17,30.6,19.9,59.21,1.46,OUTONO,QUENTE,QUINTA-FEIRA
15/04/2016,0.0,26.02,31.5,22.0,57.5,1.11,OUTONO,QUENTE,SEXTA-FEIRA
16/04/2016,0.0,25.29,31.0,20.9,60.79,1.47,OUTONO,QUENTE,SÁBADO
17/04/2016,0.0,25.3,30.5,20.0,48.79,1.11,OUTONO,QUENTE,DOMINGO
18/04/2016,0.0,25.53,31.4,20.6,54.67,1.22,OUTONO,QUENTE,SEGUNDA-FEIRA
19/04/2016,0.0,26.03,31.0,21.1,52.17,1.4,OUTONO,QUENTE,TERÇA-FEIRA
20/04/2016,0.0,25.94,30.1,22.2,55.42,0.91,OUTONO,QUENTE,QUARTA-FEIRA
21/04/2016,0.0,25.55,30.1,20.7,49.88,1.3,OUTONO,QUENTE,QUINTA-FEIRA
22/04/2016,0.0,24.94,30.0,20.7,50.21,0.97,OUTONO,QUENTE,SEXTA-FEIRA
23/04/2016,0.0,25.08,30.5,20.6,59.67,1.35,OUTONO,QUENTE,SÁBADO
24/04/2016,0.0,25.71,30.7,21.1,50.67,1.02,OUTONO,QUENTE,DOMINGO
25/04/2016,0.0,25.5,30.1,21.4,49.12,1.8,OUTONO,QUENTE,SEGUNDA-FEIRA
26/04/2016,0.0,23.72,26.0,20.7,54.17,2.91,OUTONO,AGRADAVEL,TERÇA-FEIRA
27/04/2016,1.8,18.65,21.0,16.0,74.62,3.59,OUTONO,AGRADAVEL,QUARTA-FEIRA
28/04/2016,0.0,15.55,20.5,13.1,66.83,1.93,OUTONO,FRIO,QUINTA-FEIRA
29/04/2016,0.0,14.14,16.4,12.4,79.46,2.15,OUTONO,FRIO,SEXTA-FEIRA
30/04/2016,0.0,16.22,21.5,12.7,67.08,1.64,OUTONO,FRIO,SÁBADO
01/05/2016,0.0,15.29,20.1,11.6,58.79,1.94,OUTONO,FRIO,DOMINGO
02/05/2016,0.0,15.52,22.8,10.7,65.79,1.99,OUTONO,FRIO,SEGUNDA-FEIRA
03/05/2016,0.0,17.58,24.8,13.5,68.08,1.78,OUTONO,AGRADAVEL,TERÇA-FEIRA
04/05/2016,0.0,18.4,24.7,14.3,68.08,1.18,OUTONO,AGRADAVEL,QUARTA-FEIRA
05/05/2016,0.0,18.97,23.6,15.4,67.92,1.57,OUTONO,AGRADAVEL,QUINTA-FEIRA
06/05/2016,0.0,19.47,26.1,15.2,68.83,1.98,OUTONO,AGRADAVEL,SEXTA-FEIRA
07/05/2016,0.0,19.47,22.9,17.3,74.96,0.74,OUTONO,AGRADAVEL,SÁBADO
08/05/2016,0.0,19.85,23.1,17.8,72.92,1.37,OUTONO,AGRADAVEL,DOMINGO
09/05/2016,0.0,20.33,25.1,17.1,72.04,1.2,OUTONO,AGRADAVEL,SEGUNDA-FEIRA
10/05/2016,0.0,20.36,23.7,18.5,70.5,2.23,OUTONO,AGRADAVEL,TERÇA-FEIRA
11/05/2016,0.0,19.19,23.3,16.2,73.17,1.18,OUTONO,AGRADAVEL,QUARTA-FEIRA
12/05/2016,0.6,18.38,21.3,16.9,75.75,1.7,OUTONO,AGRADAVEL,QUINTA-FEIRA
13/05/2016,0.0,17.57,21.2,15.6,75.21,2.06,OUTONO,AGRADAVEL,SEXTA-FEIRA
14/05/2016,0.0,17.66,22.1,15.6,68.96,2.96,OUTONO,AGRADAVEL,SÁBADO
15/05/2016,0.0,19.83,26.0,15.5,64.46,2.61,OUTONO,AGRADAVEL,DOMINGO
16/05/2016,5.4,21.65,25.9,18.5,66.58,2.25,OUTONO,AGRADAVEL,SEGUNDA-FEIRA
17/05/2016,2.0,19.4,23.8,15.8,73.67,1.65,OUTONO,AGRADAVEL,TERÇA-FEIRA
18/05/2016,25.2,15.58,16.5,14.7,86.17,0.93,OUTONO,FRIO,QUARTA-FEIRA
19/05/2016,5.2,14.89,16.2,14.2,87.92,0.52,OUTONO,FRIO,QUINTA-FEIRA
20/05/2016,0.4,17.45,23.5,14.2,82.17,0.69,OUTONO,AGRADAVEL,SEXTA-FEIRA
21/05/2016,38.4,17.63,19.6,14.8,85.33,0.95,OUTONO,AGRADAVEL,SÁBADO
22/05/2016,0.2,20.42,25.9,15.9,70.92,1.55,OUTONO,AGRADAVEL,DOMINGO
23/05/2016,16.8,16.32,20.7,12.5,74.96,2.21,OUTONO,FRIO,SEGUNDA-FEIRA
24/05/2016,0.6,13.22,17.7,10.1,74.58,2.55,OUTONO,FRIO,TERÇA-FEIRA
25/05/2016,0.0,15.71,20.9,13.0,73.17,2.6,OUTONO,FRIO,QUARTA-FEIRA
26/05/2016,0.0,17.36,23.5,14.2,73.42,1.73,OUTONO,AGRADAVEL,QUINTA-FEIRA
27/05/2016,0.0,17.32,19.2,15.9,78.88,1.48,OUTONO,AGRADAVEL,SEXTA-FEIRA
28/05/2016,0.0,17.84,21.1,16.2,77.38,1.98,OUTONO,AGRADAVEL,SÁBADO
29/05/2016,0.0,17.81,22.1,15.2,73.92,2.84,OUTONO,AGRADAVEL,DOMINGO
30/05/2016,3.4,16.73,20.5,15.0,74.92,3.08,OUTONO,FRIO,SEGUNDA-FEIRA
31/05/2016,8.2,19.05,22.9,15.5,73.38,2.54,OUTONO,AGRADAVEL,TERÇA-FEIRA
01/06/2016,4.2,19.93,23.2,17.6,75.88,1.39,OUTONO,AGRADAVEL,QUARTA-FEIRA
02/06/2016,18.6,18.73,22.5,15.7,75.88,2.48,OUTONO,AGRADAVEL,QUINTA-FEIRA
03/06/2016,16.4,17.5,20.7,15.8,83.71,1.51,OUTONO,AGRADAVEL,SEXTA-FEIRA
04/06/2016,16.6,16.9,19.9,15.3,87.88,0.91,OUTONO,FRIO,SÁBADO
05/06/2016,63.4,18.85,22.0,16.9,88.04,1.03,OUTONO,AGRADAVEL,DOMINGO
06/06/2016,42.6,19.92,23.6,16.4,86.5,1.47,OUTONO,AGRADAVEL,SEGUNDA-FEIRA
07/06/2016,32.4,13.35,14.2,12.6,90.67,0.33,OUTONO,FRIO,TERÇA-FEIRA
08/06/2016,0.0,14.07,18.4,10.9,70.21,0.55,OUTONO,FRIO,QUARTA-FEIRA
09/06/2016,0.0,12.32,15.8,9.6,68.38,0.86,OUTONO,FRIO,QUINTA-FEIRA
10/06/2016,0.0,11.18,18.3,6.1,69.79,1.0,OUTONO,FRIO,SEXTA-FEIRA
11/06/2016,0.0,11.31,16.3,7.5,52.92,0.76,OUTONO,FRIO,SÁBADO
12/06/2016,0.0,10.52,16.4,6.7,63.71,1.05,OUTONO,FRIO,DOMINGO
13/06/2016,0.0,9.44,16.3,4.1,67.88,2.21,OUTONO,MUITO_FRIO,SEGUNDA-FEIRA
14/06/2016,0.0,12.2,19.4,7.7,71.04,2.01,OUTONO,FRIO,TERÇA-FEIRA
15/06/2016,0.4,14.37,22.8,8.9,73.38,0.64,OUTONO,FRIO,QUARTA-FEIRA
16/06/2016,0.0,17.36,24.6,11.5,67.08,0.41,OUTONO,AGRADAVEL,QUINTA-FEIRA
17/06/2016,0.0,18.41,24.9,12.5,63.25,1.05,OUTONO,AGRADAVEL,SEXTA-FEIRA
18/06/2016,0.0,16.12,21.0,13.2,73.17,0.92,OUTONO,FRIO,SÁBADO
19/06/2016,0.0,16.53,24.0,13.0,72.62,1.75,OUTONO,FRIO,DOMINGO
20/06/2016,0.2,13.48,15.5,12.2,84.29,1.75,OUTONO,FRIO,SEGUNDA-FEIRA
21/06/2016,0.0,12.8,14.0,12.1,81.21,2.4,INVERNO,FRIO,TERÇA-FEIRA
22/06/2016,0.0,14.92,20.6,12.7,77.17,2.14,INVERNO,FRIO,QUARTA-FEIRA
23/06/2016,2.8,16.44,23.5,12.6,74.92,1.07,INVERNO,FRIO,QUINTA-FEIRA
24/06/2016,0.0,14.76,20.9,11.9,76.42,1.71,INVERNO,FRIO,SEXTA-FEIRA
25/06/2016,0.0,15.26,20.3,13.2,75.29,2.74,INVERNO,FRIO,SÁBADO
26/06/2016,0.0,16.26,22.1,13.7,70.58,2.35,INVERNO,FRIO,DOMINGO
27/06/2016,0.0,15.15,21.1,11.4,75.79,1.2,INVERNO,FRIO,SEGUNDA-FEIRA
28/06/2016,0.0,15.34,20.8,11.2,75.5,0.98,INVERNO,FRIO,TERÇA-FEIRA
29/06/2016,0.0,17.19,23.4,12.9,73.67,0.98,INVERNO,AGRADAVEL,QUARTA-FEIRA
30/06/2016,0.0,18.43,23.0,14.1,66.83,0.74,INVERNO,AGRADAVEL,QUINTA-FEIRA
01/07/2016,0.0,17.72,24.2,13.7,72.0,1.05,INVERNO,AGRADAVEL,SEXTA-FEIRA
02/07/2016,0.2,18.62,25.2,14.6,71.67,1.0,INVERNO,AGRADAVEL,SÁBADO
03/07/2016,0.0,19.7,25.3,14.5,64.0,0.78,INVERNO,AGRADAVEL,DOMINGO
04/07/2016,0.0,19.78,26.3,14.7,63.12,1.13,INVERNO,AGRADAVEL,SEGUNDA-FEIRA
05/07/2016,0.0,19.38,26.0,14.1,60.62,0.88,INVERNO,AGRADAVEL,TERÇA-FEIRA
06/07/2016,0.0,21.79,25.7,17.8,51.12,3.7,INVERNO,AGRADAVEL,QUARTA-FEIRA
07/07/2016,0.0,17.71,21.4,12.7,45.38,2.37,INVERNO,AGRADAVEL,QUINTA-FEIRA
08/07/2016,0.0,14.68,19.9,9.9,50.12,1.4,INVERNO,FRIO,SEXTA-FEIRA
09/07/2016,0.0,13.89,22.7,8.8,65.25,1.61,INVERNO,FRIO,SÁBADO
10/07/2016,0.0,18.59,27.3,11.7,59.42,0.95,INVERNO,AGRADAVEL,DOMINGO
11/07/2016,0.0,21.3,28.0,15.0,54.42,1.62,INVERNO,AGRADAVEL,SEGUNDA-FEIRA
12/07/2016,0.0,23.72,28.2,20.1,39.29,2.34,INVERNO,AGRADAVEL,TERÇA-FEIRA
13/07/2016,0.0,19.75,25.4,15.9,63.29,1.5,INVERNO,AGRADAVEL,QUARTA-FEIRA
14/07/2016,0.0,20.97,27.2,15.4,59.04,1.37,INVERNO,AGRADAVEL,QUINTA-FEIRA
15/07/2016,0.0,23.39,28.3,18.7,35.12,2.4,INVERNO,AGRADAVEL,SEXTA-FEIRA
16/07/2016,6.2,20.57,23.1,17.5,54.08,2.73,INVERNO,AGRADAVEL,SÁBADO
17/07/2016,0.0,14.75,18.7,11.2,56.71,1.99,INVERNO,FRIO,DOMINGO
18/07/2016,0.0,11.68,17.0,9.3,63.54,1.7,INVERNO,FRIO,SEGUNDA-FEIRA
19/07/2016,0.0,11.88,15.9,9.7,67.75,2.18,INVERNO,FRIO,TERÇA-FEIRA
20/07/2016,0.0,12.67,17.3,10.8,72.58,1.58,INVERNO,FRIO,QUARTA-FEIRA
21/07/2016,0.0,13.45,17.8,11.5,70.42,1.8,INVERNO,FRIO,QUINTA-FEIRA
22/07/2016,0.0,13.11,17.4,11.6,74.08,1.98,INVERNO,FRIO,SEXTA-FEIRA
23/07/2016,0.0,15.5,23.8,11.7,71.96,2.37,INVERNO,FRIO,SÁBADO
24/07/2016,0.0,18.53,26.7,13.1,67.88,1.33,INVERNO,AGRADAVEL,DOMINGO
25/07/2016,0.0,19.23,25.4,14.6,60.46,0.86,INVERNO,AGRADAVEL,SEGUNDA-FEIRA
26/07/2016,0.0,20.0,26.2,13.4,52.71,2.15,INVERNO,AGRADAVEL,TERÇA-FEIRA
27/07/2016,0.0,21.15,26.7,14.5,44.25,2.93,INVERNO,AGRADAVEL,QUARTA-FEIRA
28/07/2016,0.0,14.03,18.7,11.2,61.92,3.06,INVERNO,FRIO,QUINTA-FEIRA
29/07/2016,0.0,14.33,18.2,12.7,76.25,2.8,INVERNO,FRIO,SEXTA-FEIRA
30/07/2016,0.0,16.7,23.3,13.9,72.17,2.35,INVERNO,FRIO,SÁBADO
31/07/2016,0.0,17.5,23.5,14.3,70.21,1.82,INVERNO,AGRADAVEL,DOMINGO
01/08/2016,0.0,19.5,24.9,14.5,56.88,1.22,INVERNO,AGRADAVEL,SEGUNDA-FEIRA
02/08/2016,0.0,17.14,20.8,14.5,68.29,1.51,INVERNO,AGRADAVEL,TERÇA-FEIRA
03/08/2016,0.0,16.24,21.9,14.3,75.67,2.18,INVERNO,FRIO,QUARTA-FEIRA
04/08/2016,0.0,18.26,24.1,15.3,69.17,2.32,INVERNO,AGRADAVEL,QUINTA-FEIRA
05/08/2016,0.0,19.18,26.7,14.1,66.96,0.97,INVERNO,AGRADAVEL,SEXTA-FEIRA
06/08/2016,0.0,21.6,27.9,16.1,48.75,1.6,INVERNO,AGRADAVEL,SÁBADO
07/08/2016,0.0,20.01,22.9,16.4,51.79,1.67,INVERNO,AGRADAVEL,DOMINGO
08/08/2016,0.0,15.95,18.7,14.3,78.08,2.26,INVERNO,FRIO,SEGUNDA-FEIRA
09/08/2016,0.0,18.3,22.2,15.2,72.21,1.04,INVERNO,AGRADAVEL,TERÇA-FEIRA
10/08/2016,0.4,15.2,19.7,12.2,73.33,1.9,INVERNO,FRIO,QUARTA-FEIRA
11/08/2016,0.0,11.85,14.2,9.5,71.08,2.05,INVERNO,FRIO,QUINTA-FEIRA
12/08/2016,0.0,13.61,18.9,10.9,69.0,1.82,INVERNO,FRIO,SEXTA-FEIRA
13/08/2016,0.0,16.23,25.8,10.9,58.46,1.9,INVERNO,FRIO,SÁBADO
14/08/2016,0.0,19.47,29.4,12.0,44.21,1.02,INVERNO,AGRADAVEL,DOMINGO
15/08/2016,4.8,18.56,28.7,14.8,51.54,1.41,INVERNO,AGRADAVEL,SEGUNDA-FEIRA
16/08/2016,0.2,18.72,22.4,15.8,61.96,2.22,INVERNO,AGRADAVEL,TERÇA-FEIRA
17/08/2016,0.0,21.55,28.3,16.2,55.88,2.3,INVERNO,AGRADAVEL,QUARTA-FEIRA
18/08/2016,12.6,17.62,22.8,15.4,79.96,2.44,INVERNO,AGRADAVEL,QUINTA-FEIRA
19/08/2016,0.0,18.58,27.3,14.0,74.5,2.16,INVERNO,AGRADAVEL,SEXTA-FEIRA
20/08/2016,6.2,18.64,21.3,16.1,79.12,1.19,INVERNO,AGRADAVEL,SÁBADO
21/08/2016,47.2,15.56,18.4,9.7,86.29,2.42,INVERNO,FRIO,DOMINGO
22/08/2016,2.8,10.86,13.9,9.0,79.54,2.38,INVERNO,FRIO,SEGUNDA-FEIRA
23/08/2016,0.0,13.23,20.8,9.9,72.38,2.7,INVERNO,FRIO,TERÇA-FEIRA
24/08/2016,0.0,16.19,23.0,13.2,68.96,2.83,INVERNO,FRIO,QUARTA-FEIRA
25/08/2016,0.0,17.43,25.8,13.5,69.42,1.93,INVERNO,AGRADAVEL,QUINTA-FEIRA
26/08/2016,0.0,19.0,27.8,12.7,61.17,0.75,INVERNO,AGRADAVEL,SEXTA-FEIRA
27/08/2016,0.0,20.43,28.0,13.8,50.38,1.11,INVERNO,AGRADAVEL,SÁBADO
28/08/2016,0.0,21.95,29.9,14.7,45.5,1.32,INVERNO,AGRADAVEL,DOMINGO
29/08/2016,0.0,23.81,30.6,17.6,42.67,1.08,INVERNO,AGRADAVEL,SEGUNDA-FEIRA
30/08/2016,2.2,22.49,27.5,0.0,44.58,1.32,INVERNO,AGRADAVEL,TERÇA-FEIRA
31/08/2016,12.0,17.77,22.4,15.4,74.12,2.54,INVERNO,AGRADAVEL,QUARTA-FEIRA
01/09/2016,0.0,17.91,23.3,14.2,69.96,1.68,INVERNO,AGRADAVEL,QUINTA-FEIRA
02/09/2016,0.0,17.96,24.4,15.8,75.25,2.65,INVERNO,AGRADAVEL,SEXTA-FEIRA
03/09/2016,0.0,20.1,25.1,18.2,73.92,2.4,INVERNO,AGRADAVEL,SÁBADO
04/09/2016,0.0,19.35,21.0,17.3,73.75,1.22,INVERNO,AGRADAVEL,DOMINGO
05/09/2016,0.0,19.1,23.1,17.4,73.79,1.42,INVERNO,AGRADAVEL,SEGUNDA-FEIRA
06/09/2016,11.2,17.9,19.6,16.7,78.75,2.72,INVERNO,AGRADAVEL,TERÇA-FEIRA
07/09/2016,0.0,18.0,18.8,17.0,75.5,2.84,INVERNO,AGRADAVEL,QUARTA-FEIRA
08/09/2016,0.0,17.42,25.9,12.6,62.38,1.2,INVERNO,AGRADAVEL,QUINTA-FEIRA
09/09/2016,0.0,16.88,22.1,14.2,73.88,2.58,INVERNO,FRIO,SEXTA-FEIRA
10/09/2016,0.0,18.87,26.0,16.2,71.67,2.65,INVERNO,AGRADAVEL,SÁBADO
11/09/2016,0.0,20.32,29.1,17.1,71.42,2.32,INVERNO,AGRADAVEL,DOMINGO
12/09/2016,0.0,22.79,30.5,17.0,59.67,1.7,INVERNO,AGRADAVEL,SEGUNDA-FEIRA
13/09/2016,0.0,25.64,31.5,20.6,35.88,2.44,INVERNO,QUENTE,TERÇA-FEIRA
14/09/2016,0.0,24.62,27.0,22.3,39.5,2.33,INVERNO,QUENTE,QUARTA-FEIRA
15/09/2016,0.0,19.87,23.5,15.5,43.58,2.17,INVERNO,AGRADAVEL,QUINTA-FEIRA
16/09/2016,0.0,15.3,19.1,13.0,73.92,2.81,INVERNO,FRIO,SEXTA-FEIRA
17/09/2016,0.0,19.03,28.4,15.7,72.46,2.28,INVERNO,AGRADAVEL,SÁBADO
18/09/2016,4.0,22.33,32.3,17.5,64.71,1.94,INVERNO,AGRADAVEL,DOMINGO
19/09/2016,2.0,19.28,26.4,16.3,75.62,1.75,INVERNO,AGRADAVEL,SEGUNDA-FEIRA
20/09/2016,0.0,15.63,18.0,13.2,77.58,2.28,INVERNO,FRIO,TERÇA-FEIRA
21/09/2016,0.2,14.64,19.7,11.3,69.29,2.61,INVERNO,FRIO,QUARTA-FEIRA
22/09/2016,0.0,16.06,22.5,13.1,69.71,3.46,PRIMAVERA,FRIO,QUINTA-FEIRA
23/09/2016,0.0,19.01,29.4,14.3,63.21,2.65,PRIMAVERA,AGRADAVEL,SEXTA-FEIRA
24/09/2016,0.0,16.43,19.2,14.5,75.21,1.95,PRIMAVERA,FRIO,SÁBADO
25/09/2016,0.4,15.02,16.2,13.2,80.04,2.15,PRIMAVERA,FRIO,DOMINGO
26/09/2016,0.0,14.82,20.3,12.5,73.21,2.16,PRIMAVERA,FRIO,SEGUNDA-FEIRA
27/09/2016,0.0,15.78,22.9,11.8,65.54,2.42,PRIMAVERA,FRIO,TERÇA-FEIRA
28/09/2016,0.0,18.03,27.0,13.9,65.75,2.56,PRIMAVERA,AGRADAVEL,QUARTA-FEIRA
29/09/2016,0.0,18.46,26.0,14.1,64.54,1.68,PRIMAVERA,AGRADAVEL,QUINTA-FEIRA
30/09/2016,0.0,16.29,21.9,14.2,71.21,3.27,PRIMAVERA,FRIO,SEXTA-FEIRA
01/10/2016,0.0,15.62,19.3,13.6,75.62,3.15,PRIMAVERA,FRIO,SÁBADO
02/10/2016,0.0,17.79,23.5,15.5,69.88,3.24,PRIMAVERA,AGRADAVEL,DOMINGO
03/10/2016,11.6,16.86,18.1,16.4,80.75,2.29,PRIMAVERA,FRIO,SEGUNDA-FEIRA
04/10/2016,6.8,17.72,21.8,16.0,79.79,1.46,PRIMAVERA,AGRADAVEL,TERÇA-FEIRA
05/10/2016,0.0,17.33,21.2,14.7,73.79,2.29,PRIMAVERA,AGRADAVEL,QUARTA-FEIRA
06/10/2016,0.0,18.64,24.9,15.6,65.62,2.86,PRIMAVERA,AGRADAVEL,QUINTA-FEIRA
07/10/2016,0.0,16.42,20.6,13.8,67.92,2.02,PRIMAVERA,FRIO,SEXTA-FEIRA
08/10/2016,0.0,19.37,27.1,13.2,56.0,1.42,PRIMAVERA,AGRADAVEL,SÁBADO
09/10/2016,0.0,19.08,23.4,16.1,57.83,2.06,PRIMAVERA,AGRADAVEL,DOMINGO
10/10/2016,0.0,17.44,21.7,15.6,72.21,3.25,PRIMAVERA,AGRADAVEL,SEGUNDA-FEIRA
11/10/2016,0.8,17.9,23.7,15.3,74.5,2.72,PRIMAVERA,AGRADAVEL,TERÇA-FEIRA
12/10/2016,0.0,20.48,30.5,15.7,69.88,1.81,PRIMAVERA,AGRADAVEL,QUARTA-FEIRA
13/10/2016,20.0,21.88,28.5,18.1,70.42,2.31,PRIMAVERA,AGRADAVEL,QUINTA-FEIRA
14/10/2016,4.8,21.41,26.3,18.0,75.75,1.62,PRIMAVERA,AGRADAVEL,SEXTA-FEIRA
15/10/2016,0.0,22.04,28.0,19.0,74.46,1.88,PRIMAVERA,AGRADAVEL,SÁBADO
16/10/2016,0.0,24.86,32.3,19.2,62.92,1.27,PRIMAVERA,QUENTE,DOMINGO
17/10/2016,6.2,25.21,34.4,19.7,62.75,1.84,PRIMAVERA,QUENTE,SEGUNDA-FEIRA
18/10/2016,11.0,24.88,33.3,20.5,64.0,1.66,PRIMAVERA,QUENTE,TERÇA-FEIRA
19/10/2016,0.0,26.86,35.2,20.1,57.33,1.65,PRIMAVERA,QUENTE,QUARTA-FEIRA
20/10/2016,5.4,25.41,33.6,20.6,62.54,2.33,PRIMAVERA,QUENTE,QUINTA-FEIRA
21/10/2016,3.6,20.63,22.7,18.8,76.04,2.47,PRIMAVERA,AGRADAVEL,SEXTA-FEIRA
22/10/2016,0.0,18.43,20.8,17.3,78.08,2.7,PRIMAVERA,AGRADAVEL,SÁBADO
23/10/2016,0.0,20.59,27.6,17.5,72.67,2.56,PRIMAVERA,AGRADAVEL,DOMINGO
24/10/2016,0.0,22.26,30.2,19.4,72.08,1.85,PRIMAVERA,AGRADAVEL,SEGUNDA-FEIRA
25/10/2016,13.6,20.57,21.6,19.3,84.46,1.42,PRIMAVERA,AGRADAVEL,TERÇA-FEIRA
26/10/2016,0.0,23.7,29.8,19.7,71.33,2.2,PRIMAVERA,AGRADAVEL,QUARTA-FEIRA
27/10/2016,19.4,21.85,26.0,18.7,73.67,3.42,PRIMAVERA,AGRADAVEL,QUINTA-FEIRA
28/10/2016,0.0,18.32,24.2,14.2,62.21,2.42,PRIMAVERA,AGRADAVEL,SEXTA-FEIRA
29/10/2016,0.0,16.07,21.7,12.5,63.25,3.16,PRIMAVERA,FRIO,SÁBADO
30/10/2016,0.0,17.74,22.9,15.3,69.0,3.52,PRIMAVERA,AGRADAVEL,DOMINGO
31/10/2016,0.0,20.76,29.5,17.0,66.75,2.38,PRIMAVERA,AGRADAVEL,SEGUNDA-FEIRA
01/11/2016,0.0,23.39,29.7,18.7,58.25,2.52,PRIMAVERA,AGRADAVEL,TERÇA-FEIRA
02/11/2016,0.0,25.28,31.1,21.4,50.29,2.65,PRIMAVERA,QUENTE,QUARTA-FEIRA
03/11/2016,9.8,19.98,22.7,16.7,74.75,2.07,PRIMAVERA,AGRADAVEL,QUINTA-FEIRA
04/11/2016,1.2,17.34,19.1,16.4,82.88,2.01,PRIMAVERA,AGRADAVEL,SEXTA-FEIRA
05/11/2016,0.0,17.22,21.4,15.5,73.54,2.61,PRIMAVERA,AGRADAVEL,SÁBADO
06/11/2016,37.6,19.35,26.8,16.0,75.75,1.88,PRIMAVERA,AGRADAVEL,DOMINGO
07/11/2016,0.8,20.63,27.0,17.0,73.62,1.4,PRIMAVERA,AGRADAVEL,SEGUNDA-FEIRA
08/11/2016,0.0,21.35,29.1,16.7,67.96,1.68,PRIMAVERA,AGRADAVEL,TERÇA-FEIRA
09/11/2016,30.2,22.71,30.5,17.9,65.29,2.44,PRIMAVERA,AGRADAVEL,QUARTA-FEIRA
10/11/2016,6.0,22.42,29.2,17.3,67.46,2.35,PRIMAVERA,AGRADAVEL,QUINTA-FEIRA
11/11/2016,0.0,24.47,31.9,19.1,62.5,2.12,PRIMAVERA,QUENTE,SEXTA-FEIRA
12/11/2016,3.4,19.37,23.3,17.4,77.25,2.82,PRIMAVERA,AGRADAVEL,SÁBADO
13/11/2016,22.0,17.7,18.5,16.9,87.12,2.39,PRIMAVERA,AGRADAVEL,DOMINGO
14/11/2016,12.2,18.65,21.8,17.2,82.12,2.83,PRIMAVERA,AGRADAVEL,SEGUNDA-FEIRA
15/11/2016,1.4,19.86,23.0,17.6,78.67,1.7,PRIMAVERA,AGRADAVEL,TERÇA-FEIRA
16/11/2016,15.2,21.54,29.0,17.0,69.83,2.18,PRIMAVERA,AGRADAVEL,QUARTA-FEIRA
17/11/2016,1.2,22.04,29.8,18.7,72.62,1.64,PRIMAVERA,AGRADAVEL,QUINTA-FEIRA
18/11/2016,0.2,17.95,21.0,14.2,74.79,2.48,PRIMAVERA,AGRADAVEL,SEXTA-FEIRA
19/11/2016,0.4,15.2,18.6,13.0,64.88,3.02,PRIMAVERA,FRIO,SÁBADO
20/11/2016,0.0,16.78,24.6,12.2,64.46,2.59,PRIMAVERA,FRIO,DOMINGO
21/11/2016,0.0,20.45,28.5,14.0,55.88,1.94,PRIMAVERA,AGRADAVEL,SEGUNDA-FEIRA
22/11/2016,0.0,21.04,26.2,18.4,53.08,1.88,PRIMAVERA,AGRADAVEL,TERÇA-FEIRA
23/11/2016,4.8,20.4,26.4,18.2,76.12,1.93,PRIMAVERA,AGRADAVEL,QUARTA-FEIRA
24/11/2016,0.0,21.68,25.9,18.4,70.38,1.84,PRIMAVERA,AGRADAVEL,QUINTA-FEIRA
25/11/2016,0.0,22.12,29.2,19.4,68.33,2.46,PRIMAVERA,AGRADAVEL,SEXTA-FEIRA
26/11/2016,0.0,22.41,29.9,18.4,69.96,2.23,PRIMAVERA,AGRADAVEL,SÁBADO
27/11/2016,0.2,23.67,30.3,19.7,67.12,1.93,PRIMAVERA,AGRADAVEL,DOMINGO
28/11/2016,4.8,24.62,31.8,21.6,66.54,1.5,PRIMAVERA,QUENTE,SEGUNDA-FEIRA
29/11/2016,21.8,21.33,24.2,17.1,79.83,1.75,PRIMAVERA,AGRADAVEL,TERÇA-FEIRA
30/11/2016,1.0,16.72,19.0,15.0,78.29,3.11,PRIMAVERA,FRIO,QUARTA-FEIRA
01/12/2016,0.0,18.04,21.9,15.5,72.46,3.26,PRIMAVERA,AGRADAVEL,QUINTA-FEIRA
02/12/2016,0.0,20.63,27.6,17.4,69.46,2.48,PRIMAVERA,AGRADAVEL,SEXTA-FEIRA
03/12/2016,15.8,22.04,29.1,18.9,72.92,2.52,PRIMAVERA,AGRADAVEL,SÁBADO
04/12/2016,0.0,22.47,29.3,18.3,66.67,4.62,PRIMAVERA,AGRADAVEL,DOMINGO
05/12/2016,7.0,19.97,27.4,16.0,69.21,2.5,PRIMAVERA,AGRADAVEL,SEGUNDA-FEIRA
06/12/2016,0.0,22.34,29.9,16.0,48.12,1.69,PRIMAVERA,AGRADAVEL,TERÇA-FEIRA
07/12/2016,0.2,23.65,30.1,18.7,55.29,1.26,PRIMAVERA,AGRADAVEL,QUARTA-FEIRA
08/12/2016,0.0,24.77,31.1,19.8,59.96,1.98,PRIMAVERA,QUENTE,QUINTA-FEIRA
09/12/2016,0.6,23.73,30.1,21.1,66.21,1.93,PRIMAVERA,AGRADAVEL,SEXTA-FEIRA
10/12/2016,5.8,23.72,30.0,20.9,71.25,2.02,PRIMAVERA,AGRADAVEL,SÁBADO
11/12/2016,11.0,22.87,27.1,21.9,77.17,3.1,PRIMAVERA,AGRADAVEL,DOMINGO
12/12/2016,43.2,21.45,23.3,19.5,84.04,1.0,PRIMAVERA,AGRADAVEL,SEGUNDA-FEIRA
13/12/2016,0.0,24.4,31.1,19.7,70.96,1.49,PRIMAVERA,QUENTE,TERÇA-FEIRA
14/12/2016,0.0,23.01,25.9,18.9,70.92,2.13,PRIMAVERA,AGRADAVEL,QUARTA-FEIRA
15/12/2016,0.4,17.05,18.5,15.6,77.54,3.41,PRIMAVERA,AGRADAVEL,QUINTA-FEIRA
16/12/2016,0.0,17.89,22.0,14.5,68.88,3.37,PRIMAVERA,AGRADAVEL,SEXTA-FEIRA
17/12/2016,0.0,20.65,27.4,16.2,66.29,2.78,PRIMAVERA,AGRADAVEL,SÁBADO
18/12/2016,54.2,21.24,28.2,16.6,71.46,2.16,PRIMAVERA,AGRADAVEL,DOMINGO
19/12/2016,0.0,22.08,29.1,18.1,66.33,1.42,PRIMAVERA,AGRADAVEL,SEGUNDA-FEIRA
20/12/2016,5.8,22.2,28.4,18.5,65.96,2.13,PRIMAVERA,AGRADAVEL,TERÇA-FEIRA
21/12/2016,1.6,22.56,29.0,17.9,65.17,1.68,VERAO,AGRADAVEL,QUARTA-FEIRA
22/12/2016,0.0,23.8,29.4,20.0,62.33,1.94,VERAO,AGRADAVEL,QUINTA-FEIRA
23/12/2016,12.2,24.81,32.7,20.2,60.54,1.59,VERAO,QUENTE,SEXTA-FEIRA
24/12/2016,4.0,24.76,32.4,19.9,56.83,1.87,VERAO,QUENTE,SÁBADO
25/12/2016,0.0,25.47,30.9,21.2,56.92,1.63,VERAO,QUENTE,DOMINGO
26/12/2016,0.0,26.89,33.3,20.9,52.33,1.63,VERAO,QUENTE,SEGUNDA-FEIRA
27/12/2016,0.0,28.06,32.8,24.4,50.21,1.91,VERAO,QUENTE,TERÇA-FEIRA
28/12/2016,0.0,26.64,32.2,22.9,51.79,1.25,VERAO,QUENTE,QUARTA-FEIRA
29/12/2016,1.2,25.87,32.9,22.4,58.88,1.54,VERAO,QUENTE,QUINTA-FEIRA
30/12/2016,0.0,25.78,31.0,22.2,62.92,2.15,VERAO,QUENTE,SEXTA-FEIRA
31/12/2016,0.2,26.08,30.4,22.9,60.21,1.83,VERAO,QUENTE,SÁBADO
