post_url,post_caption,post_owner_full_name,post_owner_username,post_likes_count,post_comments_count,post_timestamp,post_first_comment,comment_id,comment_text,comment_timestamp,comment_owner_profile_pic
https://www.instagram.com/p/DCE68ssPWxN/,"Benefícios e Importância da Limpeza e Hidratação da Pele: ✨🤍

Remove Impurezas: Elimina células mortas e excesso de oleosidade, evitando cravos e espinhas; 

Melhora a Absorção: Pele limpa absorve melhor cremes e tratamentos;

Equilíbrio e Viço: A hidratação previne o ressecamento e melhora o brilho natural;

Prevenção de Linhas Finas: Hidratação contínua ajuda a evitar rugas causadas pelo ressecamento (Como mostramos no post anterior);

Aparência Saudável: Pele mais luminosa e renovada no dia a dia.

Para uma pele jovem e saudável esse é o básico do inegociável 🫱🏻‍🫲🏽✨",Ana Carla | Estética em Mauá/SP,espacolamarry,11,2,2024-11-07T16:29:33.000Z,Ameeiiii,18029921327382210,Ameeiiii,2024-11-07T17:20:33.000Z,https://scontent-lga3-1.cdninstagram.com/v/t51.82787-19/523941312_18048590216545745_1386308997675202585_n.jpg?stp=dst-jpg_e0_s150x150_tt6&_nc_cat=102&cb=8438d1d6-849f285f&ig_cache_key=GMC1Oh-RxY3gGB9AABm4WzuwKD0TbmNDAQAB1501500j-ccb7-5-cb8438d1d6-849f285f&ccb=7-5&_nc_sid=669407&efg=eyJ2ZW5jb2RlX3RhZyI6InByb2ZpbGVfcGljLnd3dy4xMDc5LkMzIn0%3D&_nc_ohc=p1Ue3u55CqkQ7kNvwGWjzPJ&_nc_oc=AdkYpcUuMZk48MJjOVdEQC3QAskIhuHABOuPWGW_Q1KhVslngXvRQzRsvVJ4_M-mBnQ&_nc_ad=z-m&_nc_cid=0&_nc_zt=24&_nc_ht=scontent-lga3-1.cdninstagram.com&_nc_gid=1EdGG2OraVVMU1Dn6gbviQ&oh=00_Afmg1n9SmcfVPqMYptMeD1hoH0pAL3BVWqDo_qWhQSQQNQ&oe=693589E1
https://www.instagram.com/p/DEm-3o5Rdcr/,"Vocês são terríveis! 😂

#2025 #limpezadepele",Ana Carla | Estética em Mauá/SP,lilianruas.silva,28,10,2025-01-09T15:00:00.000Z,😂😂😂😂😂😂,18382439455110906,😂😂😂😂😂😂😂😂😂😂😂😂,2025-01-09T17:41:02.000Z,https://scontent-dfw5-2.cdninstagram.com/v/t51.2885-19/439344818_2685768641601658_2291762121197365586_n.jpg?stp=dst-jpg_e0_s150x150_tt6&_nc_cat=102&ig_cache_key=GLLeLxp64NQ9sYoJAFIpqseB_c0fbkULAAAB1501500j-ccb7-5&ccb=7-5&_nc_sid=669407&efg=eyJ2ZW5jb2RlX3RhZyI6InByb2ZpbGVfcGljLnd3dy4xMDgwLkMzIn0%3D&_nc_ohc=OM1LbQlWWoEQ7kNvwHFN1VN&_nc_oc=AdlvQ1O0EEaZlXbRoJcifBzIj9IiwbPcCyDW4hurSiKa8m2AnMsUCun5vm3TW3Gffz8&_nc_ad=z-m&_nc_cid=0&_nc_zt=24&_nc_ht=scontent-dfw5-2.cdninstagram.com&oh=00_AfljCEXcEJevp3u6ficxKV6cwL-cv7QsMH5uybkWCzH2dg&oe=69358DF0
https://www.instagram.com/p/DEm-3o5Rdcr/,"Vocês são terríveis! 😂

#2025 #limpezadepele",Ana Carla | Estética em Mauá/SP,luuh_ibiapino,28,10,2025-01-09T15:00:00.000Z,😂😂😂😂😂😂,18054693928955164,Talvez eu tenha me identificado kkkkkkkk,2025-01-09T16:27:00.000Z,https://scontent-dfw5-1.cdninstagram.com/v/t51.2885-19/484418885_621999960673767_2104837704010901495_n.jpg?stp=dst-jpg_e0_s150x150_tt6&_nc_cat=103&ig_cache_key=GEWl3xznzbSmtDUCAPcna2m94jUdbkULAAAB1501500j-ccb7-5&ccb=7-5&_nc_sid=669407&efg=eyJ2ZW5jb2RlX3RhZyI6InByb2ZpbGVfcGljLnd3dy44MjguQzMifQ%3D%3D&_nc_ohc=N9um6Hrq41QQ7kNvwGC2c8x&_nc_oc=Adk2TeUMtM9JbHU4zrCpOBE_d0VDxudkT6NWnmT9gPw59NsP9SB5vavvRGAmfXIvKmo&_nc_ad=z-m&_nc_cid=0&_nc_zt=24&_nc_ht=scontent-dfw5-1.cdninstagram.com&oh=00_AfktlHrjzm73njYWlrOFZcKrZHu0Gf9H_qfAN2GK7QEBOg&oe=69356B21
https://www.instagram.com/p/DEm-3o5Rdcr/,"Vocês são terríveis! 😂

#2025 #limpezadepele",Ana Carla | Estética em Mauá/SP,luzimarthomaz4908,28,10,2025-01-09T15:00:00.000Z,😂😂😂😂😂😂,18341514373149693,😂😂😂😂😂😂😂😂😂😂😂😂,2025-01-09T15:59:17.000Z,https://scontent-dfw5-2.cdninstagram.com/v/t51.82787-19/591147830_18337397641232758_8217377117585933057_n.jpg?stp=dst-jpg_e0_s150x150_tt6&_nc_cat=104&ig_cache_key=GDYzPCN2wYIYxCVBAAEDIm-z-AlybmNDAQAB1501500j-ccb7-5&ccb=7-5&_nc_sid=669407&efg=eyJ2ZW5jb2RlX3RhZyI6InByb2ZpbGVfcGljLnd3dy4xMDgwLkMzIn0%3D&_nc_ohc=0NX531_0SqEQ7kNvwFfm6at&_nc_oc=AdkL3cyfbCHtshHRyHK_rI-NAO94FHz78ok8EujXzcPIOItEUonTYQKqa8fJ8Z63GPY&_nc_ad=z-m&_nc_cid=0&_nc_zt=24&_nc_ht=scontent-dfw5-2.cdninstagram.com&_nc_gid=7UYYlYZJKAXdi8kUh-1ifQ&oh=00_AflDAXv8awuMTlZD9CEoIvlJK38bRP3ZkF3YN3cJ6CRyyA&oe=693577B8
https://www.instagram.com/p/DEm-3o5Rdcr/,"Vocês são terríveis! 😂

#2025 #limpezadepele",Ana Carla | Estética em Mauá/SP,jhennimolines,28,10,2025-01-09T15:00:00.000Z,😂😂😂😂😂😂,18051925277489666,Kkkk fui rir e chorei,2025-01-09T15:55:46.000Z,https://scontent-dfw5-1.cdninstagram.com/v/t51.2885-19/472868315_926266032924605_2002431862740968669_n.jpg?stp=dst-jpg_e0_s150x150_tt6&_nc_cat=103&ig_cache_key=GNtlLxy9J9wdb0oDAN1kmXkrEcobbkULAAAB1501500j-ccb7-5&ccb=7-5&_nc_sid=669407&efg=eyJ2ZW5jb2RlX3RhZyI6InByb2ZpbGVfcGljLnd3dy45MjIuQzMifQ%3D%3D&_nc_ohc=jI9WuoTgWawQ7kNvwGbVN4b&_nc_oc=AdnC_VRez2YBLZV0I2uUOcFVe833hBcsQnkS2uLYST8IlW5hnI-6YABPJ4voBzvG81c&_nc_ad=z-m&_nc_cid=0&_nc_zt=24&_nc_ht=scontent-dfw5-1.cdninstagram.com&oh=00_Afm9tB0MWkZOKJLkJaXZy5R6UkY1MqHvIdypuzWrIhKxlg&oe=69358905
https://www.instagram.com/p/DEm-3o5Rdcr/,"Vocês são terríveis! 😂

#2025 #limpezadepele",Ana Carla | Estética em Mauá/SP,eassisdesigner,28,10,2025-01-09T15:00:00.000Z,😂😂😂😂😂😂,18054174611497725,KKKKKKKK em todas as áreas da beleza amiga ❤️❤️😂,2025-01-09T15:43:53.000Z,https://scontent-dfw5-2.cdninstagram.com/v/t51.2885-19/483646109_1657993154834470_1443035644484760588_n.jpg?stp=dst-jpg_e0_s150x150_tt6&_nc_cat=104&ig_cache_key=GJ3a0xwmsAid7_MFAAy0vetFsQYUbkULAAAB1501500j-ccb7-5&ccb=7-5&_nc_sid=669407&efg=eyJ2ZW5jb2RlX3RhZyI6InByb2ZpbGVfcGljLnd3dy41NTIuQzMifQ%3D%3D&_nc_ohc=oLIJqjtFF_UQ7kNvwHbf0X3&_nc_oc=AdnliVidrpKgdZ4dBWwTCKPyli9UK176gJAz3F36tChCA7t0_B9onvl4kuSrsHjN6M4&_nc_ad=z-m&_nc_cid=0&_nc_zt=24&_nc_ht=scontent-dfw5-2.cdninstagram.com&oh=00_AfkwiVSO7pV-xI_HV_cL4B1-iUXdW8kb1jRGoJ86E89-kA&oe=693575CF
https://www.instagram.com/p/DCE7Q4rvNlE/,"Quando uma pele está devidamente hidratada, ela FALA! 🤩

• A limpeza de pele remove impurezas, renova e devolve o brilho natural, deixando a pele mais saudável e luminosa; 🤍

• Toda pele precisa e pede por isso. ✨",Ana Carla | Estética em Mauá/SP,laysmcdr,13,2,2024-11-07T16:32:18.000Z,Ameeiiiiii❤️,18012145100429474,Ameeiiiiii❤️,2024-11-07T17:41:14.000Z,https://scontent-sea1-1.cdninstagram.com/v/t51.82787-19/550957078_17920536537160052_8990812774536328406_n.jpg?stp=dst-jpg_e0_s150x150_tt6&_nc_cat=106&cb=8438d1d6-0aee74db&ig_cache_key=GBbw1iB0WXsOoqo-ANY0SESVyMV8bmNDAQAB1501500j-ccb7-5-cb8438d1d6-0aee74db&ccb=7-5&_nc_sid=669407&efg=eyJ2ZW5jb2RlX3RhZyI6InByb2ZpbGVfcGljLnd3dy4xMDgwLkMzIn0%3D&_nc_ohc=Ipz1amvcVQwQ7kNvwFFAjtw&_nc_oc=Adl-I98_4-tKRoj061Q5I4UhdUworEgxx0DeBykhGv-oVk5apgvtqYX84Chb4tiiNgk&_nc_ad=z-m&_nc_cid=0&_nc_zt=24&_nc_ht=scontent-sea1-1.cdninstagram.com&_nc_gid=xIMRUKRBJEG80syM-R5Glw&oh=00_AfmG14NH46U1vTBb-_0zFDu2Vnb-Pg2lusF-EmSQzxm4RA&oe=69357FF8
https://www.instagram.com/p/CY4rR10uowz/,"✨ Dia da Esteticista ✨ 

Nosso 18.01 ❤️

Parabéns para todas nós que elevamos a auto estima das nossas clientes, que com as mãos levamos o amor e o sorriso em cada rosto; cuidamos de cada cliente com muito amor, carinho e dedicação e assim o resultado sempre vem! Sou muito grata por ter escolhido essa profissão, não me imagino fazendo outra coisa ❤️

• Obrigada a todas clientes que confiaram e confiam no meu trabalho! 💖

#diadaesteticista #18dejaneiro #amor #gratidao",Ana Carla | Estética em Mauá/SP,jael.carvalho,41,19,2022-01-18T20:54:34.000Z,👏👏👏👏❤️❤️,17909945969240895,👏👏👏👏👏👏👏👏❤️❤️,2022-01-20T18:41:00.000Z,https://scontent-atl3-1.cdninstagram.com/v/t51.82787-19/539349618_18373298194194507_3095182014238406248_n.jpg?stp=dst-jpg_e0_s150x150_tt6&_nc_cat=100&ig_cache_key=GHLSJSBLoDfYakZBAGi225mkS-QqbmNDAQAB1501500j-ccb7-5&ccb=7-5&_nc_sid=669407&efg=eyJ2ZW5jb2RlX3RhZyI6InByb2ZpbGVfcGljLnd3dy4xMDMyLkMzIn0%3D&_nc_ohc=LzzfuApheIIQ7kNvwHKxBKh&_nc_oc=AdlE9lpoM0Kg-B8VoLBf6v29ZAl5wZYz1kbG32YaKp_hnRjQ6lg_D585HHy-U7TXz20&_nc_ad=z-m&_nc_cid=0&_nc_zt=24&_nc_ht=scontent-atl3-1.cdninstagram.com&_nc_gid=x4U7GFtraES3VX6qXserJA&oh=00_AflhDSROqGtXUvXhSsj-edMUeyj_AiNzpzOStA8-rokmIQ&oe=69359144
https://www.instagram.com/p/CY4rR10uowz/,"✨ Dia da Esteticista ✨ 

Nosso 18.01 ❤️

Parabéns para todas nós que elevamos a auto estima das nossas clientes, que com as mãos levamos o amor e o sorriso em cada rosto; cuidamos de cada cliente com muito amor, carinho e dedicação e assim o resultado sempre vem! Sou muito grata por ter escolhido essa profissão, não me imagino fazendo outra coisa ❤️

• Obrigada a todas clientes que confiaram e confiam no meu trabalho! 💖

#diadaesteticista #18dejaneiro #amor #gratidao",Ana Carla | Estética em Mauá/SP,carvalho.luzi,41,19,2022-01-18T20:54:34.000Z,👏👏👏👏❤️❤️,17843547602714632,Parabéns lindaa 😍,2022-01-19T02:54:20.000Z,https://scontent-atl3-1.cdninstagram.com/v/t51.82787-19/567451542_18430694884097374_1845913851270810906_n.jpg?stp=dst-jpg_e0_s150x150_tt6&_nc_cat=103&ig_cache_key=GJaf0iFevYeNnnpBABpN_B7eAJ4ZbmNDAQAB1501500j-ccb7-5&ccb=7-5&_nc_sid=669407&efg=eyJ2ZW5jb2RlX3RhZyI6InByb2ZpbGVfcGljLnd3dy45NjAuQzMifQ%3D%3D&_nc_ohc=6c4CASXrgmYQ7kNvwENaWNm&_nc_oc=Adl8IDkIcIcgXJE-WDmJFuFVHyDYBYbUDt-0X8pBT9PiesRiJPbqwoYqjPQY9Eb9Gv0&_nc_ad=z-m&_nc_cid=0&_nc_zt=24&_nc_ht=scontent-atl3-1.cdninstagram.com&_nc_gid=x4U7GFtraES3VX6qXserJA&oh=00_Afk0MI3wpcPJ-KJBZ7k1DQCDqMgfMX1uMKJyMyEko8rdfQ&oe=69356053
https://www.instagram.com/p/CY4rR10uowz/,"✨ Dia da Esteticista ✨ 

Nosso 18.01 ❤️

Parabéns para todas nós que elevamos a auto estima das nossas clientes, que com as mãos levamos o amor e o sorriso em cada rosto; cuidamos de cada cliente com muito amor, carinho e dedicação e assim o resultado sempre vem! Sou muito grata por ter escolhido essa profissão, não me imagino fazendo outra coisa ❤️

• Obrigada a todas clientes que confiaram e confiam no meu trabalho! 💖

#diadaesteticista #18dejaneiro #amor #gratidao",Ana Carla | Estética em Mauá/SP,vanessa.maaciel,41,19,2022-01-18T20:54:34.000Z,👏👏👏👏❤️❤️,17855476124690446,Parabéns cunha ❤️❤️❤️,2022-01-19T00:51:43.000Z,https://scontent-atl3-3.cdninstagram.com/v/t51.2885-19/478539937_597252879873123_3853843599550495855_n.jpg?stp=dst-jpg_e0_s150x150_tt6&_nc_cat=111&ig_cache_key=GKHwhRxj9L7FMh8CAG_8HtNVmns1bkULAAAB1501500j-ccb7-5&ccb=7-5&_nc_sid=669407&efg=eyJ2ZW5jb2RlX3RhZyI6InByb2ZpbGVfcGljLnd3dy4xMDgwLkMzIn0%3D&_nc_ohc=A-lUljvi73oQ7kNvwHTkm2R&_nc_oc=AdndCZzmbcq-SFyr6quUCOI3uXjaa1MfvSSDc23J8z8KlS83phbJLSlDpiWc-kk-ENQ&_nc_ad=z-m&_nc_cid=0&_nc_zt=24&_nc_ht=scontent-atl3-3.cdninstagram.com&oh=00_Afl13_fb6UIyqaQ1wyaE_V-baednwX9ERd1i4wAtHB-Ykw&oe=69356F0C
https://www.instagram.com/p/CY4rR10uowz/,"✨ Dia da Esteticista ✨ 

Nosso 18.01 ❤️

Parabéns para todas nós que elevamos a auto estima das nossas clientes, que com as mãos levamos o amor e o sorriso em cada rosto; cuidamos de cada cliente com muito amor, carinho e dedicação e assim o resultado sempre vem! Sou muito grata por ter escolhido essa profissão, não me imagino fazendo outra coisa ❤️

• Obrigada a todas clientes que confiaram e confiam no meu trabalho! 💖

#diadaesteticista #18dejaneiro #amor #gratidao",Ana Carla | Estética em Mauá/SP,_larissassousa,41,19,2022-01-18T20:54:34.000Z,👏👏👏👏❤️❤️,17993402512414723,"Parabéns meu bem, você merece o mundo! ❤️",2022-01-18T23:12:13.000Z,https://scontent-atl3-2.cdninstagram.com/v/t51.82787-19/542471487_18525906721021998_4555046259525841732_n.jpg?stp=dst-jpg_e0_s150x150_tt6&_nc_cat=104&ig_cache_key=GD91VSAuoD-JNtFBAERzgnpwxjY-bmNDAQAB1501500j-ccb7-5&ccb=7-5&_nc_sid=669407&efg=eyJ2ZW5jb2RlX3RhZyI6InByb2ZpbGVfcGljLnd3dy4xMDgwLkMzIn0%3D&_nc_ohc=mOBQhcc0SxgQ7kNvwEXHH0p&_nc_oc=AdlUoFNPk3w7UIiZYgXqp-EtVW10jOQDOuIv7gKz3OYddwpu0B7TYDGIDbWF_5ERWFg&_nc_ad=z-m&_nc_cid=0&_nc_zt=24&_nc_ht=scontent-atl3-2.cdninstagram.com&_nc_gid=x4U7GFtraES3VX6qXserJA&oh=00_AfmbrEXf2Ljau8b21UNYWt9AE0bCZEU5GTX7TGEWs0NyYw&oe=69357D62
https://www.instagram.com/p/CY4rR10uowz/,"✨ Dia da Esteticista ✨ 

Nosso 18.01 ❤️

Parabéns para todas nós que elevamos a auto estima das nossas clientes, que com as mãos levamos o amor e o sorriso em cada rosto; cuidamos de cada cliente com muito amor, carinho e dedicação e assim o resultado sempre vem! Sou muito grata por ter escolhido essa profissão, não me imagino fazendo outra coisa ❤️

• Obrigada a todas clientes que confiaram e confiam no meu trabalho! 💖

#diadaesteticista #18dejaneiro #amor #gratidao",Ana Carla | Estética em Mauá/SP,jeniffermandu,41,19,2022-01-18T20:54:34.000Z,👏👏👏👏❤️❤️,17958089080574575,Parabéns minha princesa😍❤️❤️❤️ Você merece tooooodo sucesso do mundo😍❤️,2022-01-18T23:08:18.000Z,https://scontent-atl3-2.cdninstagram.com/v/t51.2885-19/485624725_1066151382196595_1645759606911936792_n.jpg?stp=dst-jpg_e0_s150x150_tt6&_nc_cat=101&ig_cache_key=GJUL8hxzoWm2qMkDABgprJOk6dYWbkULAAAB1501500j-ccb7-5&ccb=7-5&_nc_sid=669407&efg=eyJ2ZW5jb2RlX3RhZyI6InByb2ZpbGVfcGljLnd3dy44MjguQzMifQ%3D%3D&_nc_ohc=dHzXhlyuRykQ7kNvwH6bMCZ&_nc_oc=AdmypbXjyXMbtgN_hHzAGaJQ90oCYdptDnT7T8NRvfg4wcNusNs0AHUEdAviaN9Tkjo&_nc_ad=z-m&_nc_cid=0&_nc_zt=24&_nc_ht=scontent-atl3-2.cdninstagram.com&oh=00_AfmqI-G_bbRTI-HmOGJ3jratyo6yfOEgeWnA2H-KLr6Flw&oe=69358067
https://www.instagram.com/p/CY4rR10uowz/,"✨ Dia da Esteticista ✨ 

Nosso 18.01 ❤️

Parabéns para todas nós que elevamos a auto estima das nossas clientes, que com as mãos levamos o amor e o sorriso em cada rosto; cuidamos de cada cliente com muito amor, carinho e dedicação e assim o resultado sempre vem! Sou muito grata por ter escolhido essa profissão, não me imagino fazendo outra coisa ❤️

• Obrigada a todas clientes que confiaram e confiam no meu trabalho! 💖

#diadaesteticista #18dejaneiro #amor #gratidao",Ana Carla | Estética em Mauá/SP,vic_andradeesteticista,41,19,2022-01-18T20:54:34.000Z,👏👏👏👏❤️❤️,17967551653513930,"Parabéns pelo seu lindo trabalho , você é uma profissional incrível ❤️",2022-01-18T22:56:51.000Z,https://scontent-atl3-2.cdninstagram.com/v/t51.2885-19/408250117_903161597818563_1257207835720787009_n.jpg?stp=dst-jpg_e0_s150x150_tt6&_nc_cat=101&ig_cache_key=GAVnVRjDdjayazUDAEGk_Zjdf3IRbkULAAAB1501500j-ccb7-5&ccb=7-5&_nc_sid=669407&efg=eyJ2ZW5jb2RlX3RhZyI6InByb2ZpbGVfcGljLnd3dy44MDcuQzMifQ%3D%3D&_nc_ohc=yd0OtmjjpycQ7kNvwEcXM78&_nc_oc=AdnHLjnVJWFaInSgVA0he-SzrY8Tn6x3tmkSEk0KwjJ-54Dxk8X2muWg84atbNAPQfk&_nc_ad=z-m&_nc_cid=0&_nc_zt=24&_nc_ht=scontent-atl3-2.cdninstagram.com&oh=00_Afm6PiKEJl8KwbqyqllxyY_SW6ckMWsPeYUySJNNHheyJg&oe=69357FA1
https://www.instagram.com/p/CY4rR10uowz/,"✨ Dia da Esteticista ✨ 

Nosso 18.01 ❤️

Parabéns para todas nós que elevamos a auto estima das nossas clientes, que com as mãos levamos o amor e o sorriso em cada rosto; cuidamos de cada cliente com muito amor, carinho e dedicação e assim o resultado sempre vem! Sou muito grata por ter escolhido essa profissão, não me imagino fazendo outra coisa ❤️

• Obrigada a todas clientes que confiaram e confiam no meu trabalho! 💖

#diadaesteticista #18dejaneiro #amor #gratidao",Ana Carla | Estética em Mauá/SP,talita_naval_fotografia,41,19,2022-01-18T20:54:34.000Z,👏👏👏👏❤️❤️,18209142922187092,Parabéns linda que Deus te abençoe,2022-01-18T21:36:13.000Z,https://scontent-atl3-2.cdninstagram.com/v/t51.2885-19/322672483_1630755384022363_779134964297161472_n.jpg?stp=dst-jpg_e0_s150x150_tt6&_nc_cat=101&ig_cache_key=GGOXOxNbVWHTKcsFAADbBDsfC9AKbkULAAAB1501500j-ccb7-5&ccb=7-5&_nc_sid=669407&efg=eyJ2ZW5jb2RlX3RhZyI6InByb2ZpbGVfcGljLnd3dy44NTMuQzMifQ%3D%3D&_nc_ohc=WR1Z4o99j80Q7kNvwHKSZcw&_nc_oc=AdkOY_zeaEb4vbXxI6pAqUrBOLRT3mKf7q9vttBB2aAVR1qGgqRo5LzctKj4WJhPOH4&_nc_ad=z-m&_nc_cid=0&_nc_zt=24&_nc_ht=scontent-atl3-2.cdninstagram.com&oh=00_Afn3w7PcPZjgJ4Z1ICJcfahJml0hIM_cXYcgKxb_eMtKvQ&oe=69355F62
https://www.instagram.com/p/C17x2knu7zN/,"Eu te apresento a minha história profissional até aqui! ✨

• Ainda não acabou, tenho muito chão à trilhar pela frente… 

• Feliz demais por ter chegado até onde cheguei! 💖

• Quer saber mais sobre mim? Comenta aqui ✨",Ana Carla | Estética em Mauá/SP,elaine.mandu,66,30,2024-01-10T21:00:00.000Z,Parabéns pela trajetória!!! Que Deus abençoe 🙏🏻,18001207076141901,Parabéns pela trajetória!!! Que Deus abençoe 🙏🙏🙏🙏🙏✨,2024-01-11T20:50:56.000Z,https://scontent-atl3-1.cdninstagram.com/v/t51.82787-19/591133139_18288744802263473_4741592378498623567_n.jpg?stp=dst-jpg_e0_s150x150_tt6&_nc_cat=100&ig_cache_key=GNP5OyOxoVM5hPlAAE8oHG4lhc1BbmNDAQAB1501500j-ccb7-5&ccb=7-5&_nc_sid=669407&efg=eyJ2ZW5jb2RlX3RhZyI6InByb2ZpbGVfcGljLnd3dy42NjguQzMifQ%3D%3D&_nc_ohc=oqqFLhtG0tIQ7kNvwHZ_lCa&_nc_oc=AdmVaD0Y3QkNZSPNNKpSOMk5-IrAybrb0JBkVL1ctcbhmPluAVQlRY2Z2KZ_PQCgiwk&_nc_ad=z-m&_nc_cid=0&_nc_zt=24&_nc_ht=scontent-atl3-1.cdninstagram.com&_nc_gid=3dxfwvyi_CT4hiQFYw5aLw&oh=00_AfkWniYUpCaSOqcwsuEHSGI4fu9cDT8YlxAh8eh7U2GUkA&oe=693564AE
https://www.instagram.com/p/C17x2knu7zN/,"Eu te apresento a minha história profissional até aqui! ✨

• Ainda não acabou, tenho muito chão à trilhar pela frente… 

• Feliz demais por ter chegado até onde cheguei! 💖

• Quer saber mais sobre mim? Comenta aqui ✨",Ana Carla | Estética em Mauá/SP,suelenncris,66,30,2024-01-10T21:00:00.000Z,Parabéns pela trajetória!!! Que Deus abençoe 🙏🏻,17869873884000375,Arrasa!❤️,2024-01-11T10:01:13.000Z,https://scontent-atl3-3.cdninstagram.com/v/t51.75761-19/509623466_18011784053743795_7981896532834874521_n.jpg?stp=dst-jpg_e0_s150x150_tt6&_nc_cat=108&ig_cache_key=GKo8YB6zYEtGn-0-AJl0i1GbZMVubvEnAQAB1501500j-ccb7-5&ccb=7-5&_nc_sid=669407&efg=eyJ2ZW5jb2RlX3RhZyI6InByb2ZpbGVfcGljLnd3dy4xMDgwLkMzIn0%3D&_nc_ohc=-DC6tUSF_fIQ7kNvwE_8QUW&_nc_oc=AdlGf3ZHfYziTd3PPHwOfxsmOmx9V6KY7eTGuuZ_NnbSj-5n6ahHbP6rV1dC2PCBFXc&_nc_ad=z-m&_nc_cid=0&_nc_zt=24&_nc_ht=scontent-atl3-3.cdninstagram.com&_nc_gid=3dxfwvyi_CT4hiQFYw5aLw&oh=00_Afk5q0mV4myf6nSWhQxof855dEBdu-ZeluryKSJYYnuY9g&oe=69356AC1
https://www.instagram.com/p/C17x2knu7zN/,"Eu te apresento a minha história profissional até aqui! ✨

• Ainda não acabou, tenho muito chão à trilhar pela frente… 

• Feliz demais por ter chegado até onde cheguei! 💖

• Quer saber mais sobre mim? Comenta aqui ✨",Ana Carla | Estética em Mauá/SP,andreia_romano,66,30,2024-01-10T21:00:00.000Z,Parabéns pela trajetória!!! Que Deus abençoe 🙏🏻,18251384497225287,"Lindaa, sucesso sempre p você querida 👏👏👏👏👏👏👏👏👏👏❤️",2024-01-11T02:49:59.000Z,https://scontent-atl3-1.cdninstagram.com/v/t51.2885-19/434345683_617437080575820_7336358756636781574_n.jpg?stp=dst-jpg_e0_s150x150_tt6&_nc_cat=103&ig_cache_key=GNOW4xlM39tFjjECAAZsKWJr_89lbkULAAAB1501500j-ccb7-5&ccb=7-5&_nc_sid=669407&efg=eyJ2ZW5jb2RlX3RhZyI6InByb2ZpbGVfcGljLnd3dy45NjAuQzMifQ%3D%3D&_nc_ohc=xPAG6npYRzMQ7kNvwHshDlK&_nc_oc=AdmGKPa6QAzmXKLhPlgr8vawbsNmVE2vMGjzsj_bGEP1tOea-6mJVtFfKrfm3-DmdAE&_nc_ad=z-m&_nc_cid=0&_nc_zt=24&_nc_ht=scontent-atl3-1.cdninstagram.com&oh=00_Afl46akmPriNFsS56Zztds7-itKxNfjbtTx2INmKxPlxoQ&oe=6935764A
https://www.instagram.com/p/C17x2knu7zN/,"Eu te apresento a minha história profissional até aqui! ✨

• Ainda não acabou, tenho muito chão à trilhar pela frente… 

• Feliz demais por ter chegado até onde cheguei! 💖

• Quer saber mais sobre mim? Comenta aqui ✨",Ana Carla | Estética em Mauá/SP,pablinni_p,66,30,2024-01-10T21:00:00.000Z,Parabéns pela trajetória!!! Que Deus abençoe 🙏🏻,18023037703779733,Você é maravilhosa ❤️❤️,2024-01-11T00:39:05.000Z,https://scontent-atl3-2.cdninstagram.com/v/t51.82787-19/573144203_18094051630830850_2160254228860106010_n.jpg?stp=dst-jpg_e0_s150x150_tt6&_nc_cat=101&ig_cache_key=GIt8KSIC1QCwcUhAABr1vY-Gw-odbmNDAQAB1501500j-ccb7-5&ccb=7-5&_nc_sid=669407&efg=eyJ2ZW5jb2RlX3RhZyI6InByb2ZpbGVfcGljLnd3dy4xMDgwLkMzIn0%3D&_nc_ohc=7w5vpkvM43wQ7kNvwF_8M4X&_nc_oc=AdkkBGcrn1UUR6ZGxYVAG93S83cDtaVBGvp3sAoW-1gOCl-btatGkfNRWugJBiog4FM&_nc_ad=z-m&_nc_cid=0&_nc_zt=24&_nc_ht=scontent-atl3-2.cdninstagram.com&_nc_gid=3dxfwvyi_CT4hiQFYw5aLw&oh=00_AfnvtmCc9-lNq2Udk3lLWwtDlnPyLGRqtR_pEU1_6km5yg&oe=69356AAD
https://www.instagram.com/p/C17x2knu7zN/,"Eu te apresento a minha história profissional até aqui! ✨

• Ainda não acabou, tenho muito chão à trilhar pela frente… 

• Feliz demais por ter chegado até onde cheguei! 💖

• Quer saber mais sobre mim? Comenta aqui ✨",Ana Carla | Estética em Mauá/SP,vanessa.maaciel,66,30,2024-01-10T21:00:00.000Z,Parabéns pela trajetória!!! Que Deus abençoe 🙏🏻,17934270326696931,Que evolução 😍😍❤️❤️❤️,2024-01-11T00:36:03.000Z,https://scontent-atl3-3.cdninstagram.com/v/t51.2885-19/478539937_597252879873123_3853843599550495855_n.jpg?stp=dst-jpg_e0_s150x150_tt6&_nc_cat=111&ig_cache_key=GKHwhRxj9L7FMh8CAG_8HtNVmns1bkULAAAB1501500j-ccb7-5&ccb=7-5&_nc_sid=669407&efg=eyJ2ZW5jb2RlX3RhZyI6InByb2ZpbGVfcGljLnd3dy4xMDgwLkMzIn0%3D&_nc_ohc=A-lUljvi73oQ7kNvwFrXnEj&_nc_oc=Adn3pzAYhQEUDqZUe55oRacFdayc5N82PhMnTMB6YL3yn2Z_514DSRSeCSPl-zbsyeU&_nc_ad=z-m&_nc_cid=0&_nc_zt=24&_nc_ht=scontent-atl3-3.cdninstagram.com&oh=00_Afn8HBlnINTXZgRbbcBhlcR6WAupp2UU55SeozsKRgEmoQ&oe=69356F0C
https://www.instagram.com/p/C17x2knu7zN/,"Eu te apresento a minha história profissional até aqui! ✨

• Ainda não acabou, tenho muito chão à trilhar pela frente… 

• Feliz demais por ter chegado até onde cheguei! 💖

• Quer saber mais sobre mim? Comenta aqui ✨",Ana Carla | Estética em Mauá/SP,micasntz,66,30,2024-01-10T21:00:00.000Z,Parabéns pela trajetória!!! Que Deus abençoe 🙏🏻,18027587125869886,arrasou!!!!❤️❤️❤️,2024-01-10T22:41:56.000Z,https://scontent-atl3-2.cdninstagram.com/v/t51.82787-19/558555008_18378220663199292_2037803501106198249_n.jpg?stp=dst-jpg_e0_s150x150_tt6&_nc_cat=105&ig_cache_key=GIDfSiE81jvy5EpBAOl2e818u0ccbmNDAQAB1501500j-ccb7-5&ccb=7-5&_nc_sid=669407&efg=eyJ2ZW5jb2RlX3RhZyI6InByb2ZpbGVfcGljLnd3dy4xMDgwLkMzIn0%3D&_nc_ohc=7OUiZ_vU_XoQ7kNvwFvpSy0&_nc_oc=AdlMOfclNmi2Yl16jiE40rdZo9kDpe8oeL2_Cf3DkWDospKoqhVJ9uFdeMHTodJ-6-E&_nc_ad=z-m&_nc_cid=0&_nc_zt=24&_nc_ht=scontent-atl3-2.cdninstagram.com&_nc_gid=3dxfwvyi_CT4hiQFYw5aLw&oh=00_AfmIAhGCZfTfsmrGcyTVly8Mhkcj5whxlXEUees0JfU5pQ&oe=69356591
https://www.instagram.com/p/C17x2knu7zN/,"Eu te apresento a minha história profissional até aqui! ✨

• Ainda não acabou, tenho muito chão à trilhar pela frente… 

• Feliz demais por ter chegado até onde cheguei! 💖

• Quer saber mais sobre mim? Comenta aqui ✨",Ana Carla | Estética em Mauá/SP,nessa_monts,66,30,2024-01-10T21:00:00.000Z,Parabéns pela trajetória!!! Que Deus abençoe 🙏🏻,17948256071717084,A melhor 😍❤️,2024-01-10T22:09:28.000Z,https://scontent-atl3-1.cdninstagram.com/v/t51.82787-19/550784240_18482582794077142_3242889562709928733_n.jpg?stp=dst-jpg_e0_s150x150_tt6&_nc_cat=106&ig_cache_key=GPBM1CDWA-mlz6lBAB2rJS-gDgEtbmNDAQAB1501500j-ccb7-5&ccb=7-5&_nc_sid=669407&efg=eyJ2ZW5jb2RlX3RhZyI6InByb2ZpbGVfcGljLnd3dy4xMDgwLkMzIn0%3D&_nc_ohc=exiKWN-Gq-wQ7kNvwF18Rxg&_nc_oc=AdkpYWl7hIPofAZ_D3cPx8XYMzXcUEUmGlRMlJMKxhupVLQdRF0xPPibi-aOjGpDQIk&_nc_ad=z-m&_nc_cid=0&_nc_zt=24&_nc_ht=scontent-atl3-1.cdninstagram.com&_nc_gid=3dxfwvyi_CT4hiQFYw5aLw&oh=00_Afmxph9yD75POm1-GIJNgwkTwvxU6j4LpOzYoV6UX0QYpg&oe=69358110
https://www.instagram.com/p/C17x2knu7zN/,"Eu te apresento a minha história profissional até aqui! ✨

• Ainda não acabou, tenho muito chão à trilhar pela frente… 

• Feliz demais por ter chegado até onde cheguei! 💖

• Quer saber mais sobre mim? Comenta aqui ✨",Ana Carla | Estética em Mauá/SP,josiassalmeida_,66,30,2024-01-10T21:00:00.000Z,Parabéns pela trajetória!!! Que Deus abençoe 🙏🏻,18007573979323750,Meu orgulho ❤️,2024-01-10T21:58:38.000Z,https://scontent-atl3-3.cdninstagram.com/v/t51.2885-19/485504302_395167337023196_8033528411038380727_n.jpg?stp=dst-jpg_e0_s150x150_tt6&_nc_cat=108&ig_cache_key=GC418BzcBsAQZ2cBALdy88CG03xvbkULAAAB1501500j-ccb7-5&ccb=7-5&_nc_sid=669407&efg=eyJ2ZW5jb2RlX3RhZyI6InByb2ZpbGVfcGljLnd3dy4xMDgwLkMzIn0%3D&_nc_ohc=CBX8S-hhyssQ7kNvwFmJBjf&_nc_oc=AdndsIx94ZjFV77fMQGY7H8KC0Y6D2oUm3duOQpamrcTKuLEy0ZjgXeBY3PlOI5eCME&_nc_ad=z-m&_nc_cid=0&_nc_zt=24&_nc_ht=scontent-atl3-3.cdninstagram.com&oh=00_Afnw2nGCd4MYHy6JvXIVcS0RC7maq0HVZoAwc0U78L7EwA&oe=69358ED9
https://www.instagram.com/p/C17x2knu7zN/,"Eu te apresento a minha história profissional até aqui! ✨

• Ainda não acabou, tenho muito chão à trilhar pela frente… 

• Feliz demais por ter chegado até onde cheguei! 💖

• Quer saber mais sobre mim? Comenta aqui ✨",Ana Carla | Estética em Mauá/SP,jadynuness,66,30,2024-01-10T21:00:00.000Z,Parabéns pela trajetória!!! Que Deus abençoe 🙏🏻,18291781885197741,"Lindaa, eu fui eu tava, morro de orgulho de você amiga😍😍😍😍",2024-01-10T21:45:00.000Z,https://scontent-atl3-2.cdninstagram.com/v/t51.2885-19/343495313_150788081293508_6413631539039877185_n.jpg?stp=dst-jpg_e0_s150x150_tt6&_nc_cat=102&ig_cache_key=GJFSeRTEmAUWJIkAAEG4tmTnywFZbkULAAAB1501500j-ccb7-5&ccb=7-5&_nc_sid=669407&efg=eyJ2ZW5jb2RlX3RhZyI6InByb2ZpbGVfcGljLnd3dy44MjguQzMifQ%3D%3D&_nc_ohc=WdyAriiQL0cQ7kNvwHHUL98&_nc_oc=AdkmIsM1ReL2VEy0WXLkhEBut_H9enrZ-sbsgg66xna7r5yRJC89oIIwTij904R95P4&_nc_ad=z-m&_nc_cid=0&_nc_zt=24&_nc_ht=scontent-atl3-2.cdninstagram.com&oh=00_AfmH5CDKhlpFBREjZlogOouCZjoqKaOii51f852KT4tu_Q&oe=69357435
https://www.instagram.com/p/C17x2knu7zN/,"Eu te apresento a minha história profissional até aqui! ✨

• Ainda não acabou, tenho muito chão à trilhar pela frente… 

• Feliz demais por ter chegado até onde cheguei! 💖

• Quer saber mais sobre mim? Comenta aqui ✨",Ana Carla | Estética em Mauá/SP,jeniffermandu,66,30,2024-01-10T21:00:00.000Z,Parabéns pela trajetória!!! Que Deus abençoe 🙏🏻,18011625536276044,A melhor de todas❤️,2024-01-10T21:25:02.000Z,https://scontent-atl3-2.cdninstagram.com/v/t51.2885-19/485624725_1066151382196595_1645759606911936792_n.jpg?stp=dst-jpg_e0_s150x150_tt6&_nc_cat=101&ig_cache_key=GJUL8hxzoWm2qMkDABgprJOk6dYWbkULAAAB1501500j-ccb7-5&ccb=7-5&_nc_sid=669407&efg=eyJ2ZW5jb2RlX3RhZyI6InByb2ZpbGVfcGljLnd3dy44MjguQzMifQ%3D%3D&_nc_ohc=dHzXhlyuRykQ7kNvwEwdpC0&_nc_oc=Adl95z_dSmR7eeNxPTnmBt_6_5Mqg5XdnpOTTdIJUDlXcbkOhh0XvUk--U9WJlheB4U&_nc_ad=z-m&_nc_cid=0&_nc_zt=24&_nc_ht=scontent-atl3-2.cdninstagram.com&oh=00_AfmokXMacL-wxNKcmocHN9xmcptH2l0XBTWvNjxSVZn8mw&oe=69358067
https://www.instagram.com/p/C17x2knu7zN/,"Eu te apresento a minha história profissional até aqui! ✨

• Ainda não acabou, tenho muito chão à trilhar pela frente… 

• Feliz demais por ter chegado até onde cheguei! 💖

• Quer saber mais sobre mim? Comenta aqui ✨",Ana Carla | Estética em Mauá/SP,carolrvieira_,66,30,2024-01-10T21:00:00.000Z,Parabéns pela trajetória!!! Que Deus abençoe 🙏🏻,17856536934080176,A melhor esteticista ❤️❤️,2024-01-10T21:20:02.000Z,https://scontent-atl3-2.cdninstagram.com/v/t51.2885-19/321531099_560530232601403_6731899028219542267_n.jpg?stp=dst-jpg_e0_s150x150_tt6&_nc_cat=105&ig_cache_key=GNssKhM7a2adzP0BAPu60sB-gmxdbkULAAAB1501500j-ccb7-5&ccb=7-5&_nc_sid=669407&efg=eyJ2ZW5jb2RlX3RhZyI6InByb2ZpbGVfcGljLnd3dy4xMDgwLkMzIn0%3D&_nc_ohc=AhqOHaJ1qicQ7kNvwEmYouj&_nc_oc=AdkhUkE6EAnzEy2uDQVgvXzXtEvpWZKF_YQZ8l-eWToqvCDL0Tk5lZv76H2GQ3RKf3o&_nc_ad=z-m&_nc_cid=0&_nc_zt=24&_nc_ht=scontent-atl3-2.cdninstagram.com&oh=00_AfmboAo7S5AoQhCaTZ5chL8rlllTdDwvr25m_5iimaHyaQ&oe=69357A84
https://www.instagram.com/p/C17x2knu7zN/,"Eu te apresento a minha história profissional até aqui! ✨

• Ainda não acabou, tenho muito chão à trilhar pela frente… 

• Feliz demais por ter chegado até onde cheguei! 💖

• Quer saber mais sobre mim? Comenta aqui ✨",Ana Carla | Estética em Mauá/SP,_talitamaral,66,30,2024-01-10T21:00:00.000Z,Parabéns pela trajetória!!! Que Deus abençoe 🙏🏻,17997159527434146,Esqueceu de falar que é  A MELHOR ESTETICISTA DESSE MUNDO ❤️❤️,2024-01-10T21:14:12.000Z,https://scontent-atl3-1.cdninstagram.com/v/t51.82787-19/553319451_18526629799049972_3628075555055938652_n.jpg?stp=dst-jpg_e0_s150x150_tt6&_nc_cat=106&ig_cache_key=GBv8_iD0ug4k39FBAFwsY7V_g1kybmNDAQAB1501500j-ccb7-5&ccb=7-5&_nc_sid=669407&efg=eyJ2ZW5jb2RlX3RhZyI6InByb2ZpbGVfcGljLnd3dy4xMDgwLkMzIn0%3D&_nc_ohc=2wZ733gFRyUQ7kNvwGAbz1U&_nc_oc=AdkODaNItypkke7xvk5i2P8ef7fk2wLG7KxCkn2-C-m3iLsgE35NJAOBzI7DaRP3Cnc&_nc_ad=z-m&_nc_cid=0&_nc_zt=24&_nc_ht=scontent-atl3-1.cdninstagram.com&_nc_gid=3dxfwvyi_CT4hiQFYw5aLw&oh=00_AfnqFeiD8c3PZ9sbIVXHIVpSIWtIJLlgTSPR1r6dy0-eIA&oe=693590C8
https://www.instagram.com/p/C17x2knu7zN/,"Eu te apresento a minha história profissional até aqui! ✨

• Ainda não acabou, tenho muito chão à trilhar pela frente… 

• Feliz demais por ter chegado até onde cheguei! 💖

• Quer saber mais sobre mim? Comenta aqui ✨",Ana Carla | Estética em Mauá/SP,lisantanag,66,30,2024-01-10T21:00:00.000Z,Parabéns pela trajetória!!! Que Deus abençoe 🙏🏻,18322778053119636,Princesa demais. Feliz que te conheci pela estética. Você arrasa ❤️❤️,2024-01-10T21:12:12.000Z,https://scontent-atl3-2.cdninstagram.com/v/t51.82787-19/541833841_18523258075015995_1086670779399381917_n.jpg?stp=dst-jpg_e0_s150x150_tt6&_nc_cat=105&ig_cache_key=GHG6SyA766QZzs5BAJ2j5QFRoRQPbmNDAQAB1501500j-ccb7-5&ccb=7-5&_nc_sid=669407&efg=eyJ2ZW5jb2RlX3RhZyI6InByb2ZpbGVfcGljLnd3dy4xMDgwLkMzIn0%3D&_nc_ohc=Qh64DzHjgacQ7kNvwHv7CZp&_nc_oc=AdnYVPE6bGyTz4TucXUD5dRXT9zGHIAeef1JSwziPRasdRstOt64gYcVRHnHidPVpVQ&_nc_ad=z-m&_nc_cid=0&_nc_zt=24&_nc_ht=scontent-atl3-2.cdninstagram.com&_nc_gid=3dxfwvyi_CT4hiQFYw5aLw&oh=00_Afngq6nv0XMJtIxZotZ9uhnCEOX11Cr3_XKkMthpyWLnNA&oe=69356570
https://www.instagram.com/p/C17x2knu7zN/,"Eu te apresento a minha história profissional até aqui! ✨

• Ainda não acabou, tenho muito chão à trilhar pela frente… 

• Feliz demais por ter chegado até onde cheguei! 💖

• Quer saber mais sobre mim? Comenta aqui ✨",Ana Carla | Estética em Mauá/SP,espacofestetica,66,30,2024-01-10T21:00:00.000Z,Parabéns pela trajetória!!! Que Deus abençoe 🙏🏻,18402847048048429,Linda! Que Deus continue te abençoando 😍😍😍,2024-01-10T21:10:08.000Z,https://scontent-atl3-2.cdninstagram.com/v/t51.2885-19/426182454_900603644877190_6228881476478655937_n.jpg?stp=dst-jpg_e0_s150x150_tt6&_nc_cat=102&ig_cache_key=GDYHZxmGGVYgGDMDAMFdhWmzbnFWbkULAAAB1501500j-ccb7-5&ccb=7-5&_nc_sid=669407&efg=eyJ2ZW5jb2RlX3RhZyI6InByb2ZpbGVfcGljLnd3dy45NDYuQzMifQ%3D%3D&_nc_ohc=6jHm6DvSzB0Q7kNvwHtB60M&_nc_oc=AdnZFQji-TNMSu23LPLkW__STcesAZG3eY7_YjIEtmdzGQqMipvM9ZlUl6O8YdFnsVM&_nc_ad=z-m&_nc_cid=0&_nc_zt=24&_nc_ht=scontent-atl3-2.cdninstagram.com&oh=00_Afm9DOWhaY9l5-JMhHiyW-Zs-IORXRId7a4f650xh0gLEw&oe=6935935D
https://www.instagram.com/p/C17x2knu7zN/,"Eu te apresento a minha história profissional até aqui! ✨

• Ainda não acabou, tenho muito chão à trilhar pela frente… 

• Feliz demais por ter chegado até onde cheguei! 💖

• Quer saber mais sobre mim? Comenta aqui ✨",Ana Carla | Estética em Mauá/SP,_larissassousa,66,30,2024-01-10T21:00:00.000Z,Parabéns pela trajetória!!! Que Deus abençoe 🙏🏻,17942318831771533,Arrasa demais!! ❤️,2024-01-10T21:02:25.000Z,https://scontent-atl3-2.cdninstagram.com/v/t51.82787-19/542471487_18525906721021998_4555046259525841732_n.jpg?stp=dst-jpg_e0_s150x150_tt6&_nc_cat=104&ig_cache_key=GD91VSAuoD-JNtFBAERzgnpwxjY-bmNDAQAB1501500j-ccb7-5&ccb=7-5&_nc_sid=669407&efg=eyJ2ZW5jb2RlX3RhZyI6InByb2ZpbGVfcGljLnd3dy4xMDgwLkMzIn0%3D&_nc_ohc=mOBQhcc0SxgQ7kNvwGYCFPt&_nc_oc=AdlIteezHpSNpi8tf6I876ifjT1OKHk_QkuFxyKfSFYIcgxlKSuOBcu39X_5w33-nXE&_nc_ad=z-m&_nc_cid=0&_nc_zt=24&_nc_ht=scontent-atl3-2.cdninstagram.com&_nc_gid=3dxfwvyi_CT4hiQFYw5aLw&oh=00_AfmqjSLj_rR3WKzdoVwZh4Pv1AGmpTtjpfrZqTE4RttFuA&oe=69357D62
https://www.instagram.com/p/DE-EF1BRle4/,"FELIZ DIA DO ESTETICISTA! 🥼🩷

Hoje celebramos a profissão que transforma não só a pele, mas também a autoestima e a confiança de tantas pessoas. Ser esteticista é muito mais do que trabalhar com beleza – é cuidar, acolher e fazer a diferença na vida de cada cliente com dedicação, técnica e amor.

A cada atendimento, levamos ciência, arte e empatia, valorizando o bem-estar e a essência de quem confia no nosso trabalho. Que continuemos evoluindo, aprendendo e espalhando cuidados pelo mundo!

Parabéns a todos nós, profissionais que escolhemos essa linda missão! 💖

#diadoesteticista #esteticacomamor #cuidadoebeleza",Ana Carla | Estética em Mauá/SP,_jovanagomes,45,13,2025-01-18T14:08:56.000Z,Feliz dia para a maior que temosssss 🔥❤️,18088711621540121,Feliz dia para a maior que temosssss 🔥🔥🔥❤️,2025-01-18T22:38:14.000Z,https://scontent-det1-1.cdninstagram.com/v/t51.82787-19/582444374_18549564178051183_4734238067560080915_n.jpg?stp=dst-jpg_e0_s150x150_tt6&_nc_cat=106&ig_cache_key=GFZltyJvMJL3uuZBABPmDHtwZLNBbmNDAQAB1501500j-ccb7-5&ccb=7-5&_nc_sid=669407&efg=eyJ2ZW5jb2RlX3RhZyI6InByb2ZpbGVfcGljLnd3dy4xMDgwLkMzIn0%3D&_nc_ohc=1ZcJzEF6HA8Q7kNvwGxuR0V&_nc_oc=AdnUcLPd_tm6Pgxep5jRMOP9tiE4cmOZaXkBaoYMv5oTH1qQMQ3i37hbIRFbSaobGQE&_nc_ad=z-m&_nc_cid=0&_nc_zt=24&_nc_ht=scontent-det1-1.cdninstagram.com&_nc_gid=-w5UllxJfweYQXst3jNdtQ&oh=00_AfkPBg0sWlIvGhfvtvVvDhNoWYdRrbS0lUh1k85_VTMP_A&oe=69357D9B
https://www.instagram.com/p/DE-EF1BRle4/,"FELIZ DIA DO ESTETICISTA! 🥼🩷

Hoje celebramos a profissão que transforma não só a pele, mas também a autoestima e a confiança de tantas pessoas. Ser esteticista é muito mais do que trabalhar com beleza – é cuidar, acolher e fazer a diferença na vida de cada cliente com dedicação, técnica e amor.

A cada atendimento, levamos ciência, arte e empatia, valorizando o bem-estar e a essência de quem confia no nosso trabalho. Que continuemos evoluindo, aprendendo e espalhando cuidados pelo mundo!

Parabéns a todos nós, profissionais que escolhemos essa linda missão! 💖

#diadoesteticista #esteticacomamor #cuidadoebeleza",Ana Carla | Estética em Mauá/SP,_talitamaral,45,13,2025-01-18T14:08:56.000Z,Feliz dia para a maior que temosssss 🔥❤️,18028866584620126,Você é a melhor esteticista desse mundo ❤️❤️❤️❤️,2025-01-18T18:39:25.000Z,https://scontent-det1-1.cdninstagram.com/v/t51.82787-19/553319451_18526629799049972_3628075555055938652_n.jpg?stp=dst-jpg_e0_s150x150_tt6&_nc_cat=106&ig_cache_key=GBv8_iD0ug4k39FBAFwsY7V_g1kybmNDAQAB1501500j-ccb7-5&ccb=7-5&_nc_sid=669407&efg=eyJ2ZW5jb2RlX3RhZyI6InByb2ZpbGVfcGljLnd3dy4xMDgwLkMzIn0%3D&_nc_ohc=2wZ733gFRyUQ7kNvwFpYEFW&_nc_oc=Adm13cnqHvgBRjLtpDFDIYZzsY2aE5VMxzcdz7Ebvs3GaSJxs5pDLi8BD1hXcZxDcKU&_nc_ad=z-m&_nc_cid=0&_nc_zt=24&_nc_ht=scontent-det1-1.cdninstagram.com&_nc_gid=-w5UllxJfweYQXst3jNdtQ&oh=00_AfkMMjPr0uhFhPhY4-fCFnG42Q4QtER9fgCVb4oPK6qlLA&oe=693590C8
https://www.instagram.com/p/DE-EF1BRle4/,"FELIZ DIA DO ESTETICISTA! 🥼🩷

Hoje celebramos a profissão que transforma não só a pele, mas também a autoestima e a confiança de tantas pessoas. Ser esteticista é muito mais do que trabalhar com beleza – é cuidar, acolher e fazer a diferença na vida de cada cliente com dedicação, técnica e amor.

A cada atendimento, levamos ciência, arte e empatia, valorizando o bem-estar e a essência de quem confia no nosso trabalho. Que continuemos evoluindo, aprendendo e espalhando cuidados pelo mundo!

Parabéns a todos nós, profissionais que escolhemos essa linda missão! 💖

#diadoesteticista #esteticacomamor #cuidadoebeleza",Ana Carla | Estética em Mauá/SP,_talitamaral,45,13,2025-01-18T14:08:56.000Z,Feliz dia para a maior que temosssss 🔥❤️,18011342576678849,Parabéns amiga❤️❤️❤️❤️,2025-01-18T18:39:14.000Z,https://scontent-det1-1.cdninstagram.com/v/t51.82787-19/553319451_18526629799049972_3628075555055938652_n.jpg?stp=dst-jpg_e0_s150x150_tt6&_nc_cat=106&ig_cache_key=GBv8_iD0ug4k39FBAFwsY7V_g1kybmNDAQAB1501500j-ccb7-5&ccb=7-5&_nc_sid=669407&efg=eyJ2ZW5jb2RlX3RhZyI6InByb2ZpbGVfcGljLnd3dy4xMDgwLkMzIn0%3D&_nc_ohc=2wZ733gFRyUQ7kNvwFpYEFW&_nc_oc=Adm13cnqHvgBRjLtpDFDIYZzsY2aE5VMxzcdz7Ebvs3GaSJxs5pDLi8BD1hXcZxDcKU&_nc_ad=z-m&_nc_cid=0&_nc_zt=24&_nc_ht=scontent-det1-1.cdninstagram.com&_nc_gid=-w5UllxJfweYQXst3jNdtQ&oh=00_AfkMMjPr0uhFhPhY4-fCFnG42Q4QtER9fgCVb4oPK6qlLA&oe=693590C8
https://www.instagram.com/p/DE-EF1BRle4/,"FELIZ DIA DO ESTETICISTA! 🥼🩷

Hoje celebramos a profissão que transforma não só a pele, mas também a autoestima e a confiança de tantas pessoas. Ser esteticista é muito mais do que trabalhar com beleza – é cuidar, acolher e fazer a diferença na vida de cada cliente com dedicação, técnica e amor.

A cada atendimento, levamos ciência, arte e empatia, valorizando o bem-estar e a essência de quem confia no nosso trabalho. Que continuemos evoluindo, aprendendo e espalhando cuidados pelo mundo!

Parabéns a todos nós, profissionais que escolhemos essa linda missão! 💖

#diadoesteticista #esteticacomamor #cuidadoebeleza",Ana Carla | Estética em Mauá/SP,nutri.jelorraine,45,13,2025-01-18T14:08:56.000Z,Feliz dia para a maior que temosssss 🔥❤️,17856898719297054,Parabéns 😍,2025-01-18T17:12:42.000Z,https://scontent-det1-1.cdninstagram.com/v/t51.2885-19/373059060_287027183971300_7219390620588580369_n.jpg?stp=dst-jpg_e0_s150x150_tt6&_nc_cat=109&ig_cache_key=GPRtPBbka1e5DAUBABEe_PqEbTBkbkULAAAB1501500j-ccb7-5&ccb=7-5&_nc_sid=669407&efg=eyJ2ZW5jb2RlX3RhZyI6InByb2ZpbGVfcGljLnd3dy4xMDgwLkMzIn0%3D&_nc_ohc=_MV7-5hUyXMQ7kNvwE7YZm0&_nc_oc=AdlemeHGv7c3fZNdONBua2A9rZ_zW4sRqEdFpTa2mXAch7dSJXYazsNFEIrPw18CK4o&_nc_ad=z-m&_nc_cid=0&_nc_zt=24&_nc_ht=scontent-det1-1.cdninstagram.com&oh=00_AflxPyFKnNNe9Bwors0k5TYwWygcdZQ5ZQ84B6u6ZVSe4A&oe=69356E42
https://www.instagram.com/p/DE-EF1BRle4/,"FELIZ DIA DO ESTETICISTA! 🥼🩷

Hoje celebramos a profissão que transforma não só a pele, mas também a autoestima e a confiança de tantas pessoas. Ser esteticista é muito mais do que trabalhar com beleza – é cuidar, acolher e fazer a diferença na vida de cada cliente com dedicação, técnica e amor.

A cada atendimento, levamos ciência, arte e empatia, valorizando o bem-estar e a essência de quem confia no nosso trabalho. Que continuemos evoluindo, aprendendo e espalhando cuidados pelo mundo!

Parabéns a todos nós, profissionais que escolhemos essa linda missão! 💖

#diadoesteticista #esteticacomamor #cuidadoebeleza",Ana Carla | Estética em Mauá/SP,jhennimolines,45,13,2025-01-18T14:08:56.000Z,Feliz dia para a maior que temosssss 🔥❤️,17864585694312767,Feliz dia 😍,2025-01-18T17:10:02.000Z,https://scontent-det1-1.cdninstagram.com/v/t51.2885-19/472868315_926266032924605_2002431862740968669_n.jpg?stp=dst-jpg_e0_s150x150_tt6&_nc_cat=103&ig_cache_key=GNtlLxy9J9wdb0oDAN1kmXkrEcobbkULAAAB1501500j-ccb7-5&ccb=7-5&_nc_sid=669407&efg=eyJ2ZW5jb2RlX3RhZyI6InByb2ZpbGVfcGljLnd3dy45MjIuQzMifQ%3D%3D&_nc_ohc=jI9WuoTgWawQ7kNvwHRJN58&_nc_oc=AdlKes2KYa5U2a-vz8x3HfuuJ6RbbOzXOvivenDJM4yxxjoXn0F_4aRT0-05KXWmAOM&_nc_ad=z-m&_nc_cid=0&_nc_zt=24&_nc_ht=scontent-det1-1.cdninstagram.com&oh=00_Afl4GbaqNFSCks1aVXugexbB9dp4lX4pz6tYsV1Ed7U7rQ&oe=69358905
https://www.instagram.com/p/DE-EF1BRle4/,"FELIZ DIA DO ESTETICISTA! 🥼🩷

Hoje celebramos a profissão que transforma não só a pele, mas também a autoestima e a confiança de tantas pessoas. Ser esteticista é muito mais do que trabalhar com beleza – é cuidar, acolher e fazer a diferença na vida de cada cliente com dedicação, técnica e amor.

A cada atendimento, levamos ciência, arte e empatia, valorizando o bem-estar e a essência de quem confia no nosso trabalho. Que continuemos evoluindo, aprendendo e espalhando cuidados pelo mundo!

Parabéns a todos nós, profissionais que escolhemos essa linda missão! 💖

#diadoesteticista #esteticacomamor #cuidadoebeleza",Ana Carla | Estética em Mauá/SP,vanessa.maaciel,45,13,2025-01-18T14:08:56.000Z,Feliz dia para a maior que temosssss 🔥❤️,17866964640225927,Parabéns ❤️ todo sucesso do mundo 🔥🔥🔥👏👏,2025-01-18T15:34:35.000Z,https://scontent-det1-1.cdninstagram.com/v/t51.2885-19/478539937_597252879873123_3853843599550495855_n.jpg?stp=dst-jpg_e0_s150x150_tt6&_nc_cat=111&ig_cache_key=GKHwhRxj9L7FMh8CAG_8HtNVmns1bkULAAAB1501500j-ccb7-5&ccb=7-5&_nc_sid=669407&efg=eyJ2ZW5jb2RlX3RhZyI6InByb2ZpbGVfcGljLnd3dy4xMDgwLkMzIn0%3D&_nc_ohc=A-lUljvi73oQ7kNvwEYTkhu&_nc_oc=Adl5d3gIvpPRL-QykOYFcEmz7Lv99I4K7Rm_ce7HJ94iZtX1qX-w5P0N3YWY6M7TZAQ&_nc_ad=z-m&_nc_cid=0&_nc_zt=24&_nc_ht=scontent-det1-1.cdninstagram.com&oh=00_AfncunC6hKEpv2kVJh0lVY8m56LNDliANHEKj8uC7mwFPw&oe=69356F0C
https://www.instagram.com/p/DE-EF1BRle4/,"FELIZ DIA DO ESTETICISTA! 🥼🩷

Hoje celebramos a profissão que transforma não só a pele, mas também a autoestima e a confiança de tantas pessoas. Ser esteticista é muito mais do que trabalhar com beleza – é cuidar, acolher e fazer a diferença na vida de cada cliente com dedicação, técnica e amor.

A cada atendimento, levamos ciência, arte e empatia, valorizando o bem-estar e a essência de quem confia no nosso trabalho. Que continuemos evoluindo, aprendendo e espalhando cuidados pelo mundo!

Parabéns a todos nós, profissionais que escolhemos essa linda missão! 💖

#diadoesteticista #esteticacomamor #cuidadoebeleza",Ana Carla | Estética em Mauá/SP,espacolamarry,45,13,2025-01-18T14:08:56.000Z,Feliz dia para a maior que temosssss 🔥❤️,18043977584246905,Parabénssss amiga você e maravilhosaaaaa,2025-01-18T14:30:44.000Z,https://scontent-det1-1.cdninstagram.com/v/t51.82787-19/523941312_18048590216545745_1386308997675202585_n.jpg?stp=dst-jpg_e0_s150x150_tt6&_nc_cat=102&ig_cache_key=GMC1Oh-RxY3gGB9AABm4WzuwKD0TbmNDAQAB1501500j-ccb7-5&ccb=7-5&_nc_sid=669407&efg=eyJ2ZW5jb2RlX3RhZyI6InByb2ZpbGVfcGljLnd3dy4xMDc5LkMzIn0%3D&_nc_ohc=p1Ue3u55CqkQ7kNvwGlmrgE&_nc_oc=AdljA8ToO4CulGOZmaxSYrJU8a4sfztMrfvo6vCHxzx71FMtvXhRK0nf5vSVpxCHB7I&_nc_ad=z-m&_nc_cid=0&_nc_zt=24&_nc_ht=scontent-det1-1.cdninstagram.com&_nc_gid=-w5UllxJfweYQXst3jNdtQ&oh=00_AfkWAzmFlWwQQGzy8u_PUw_qJSis3rpcy2DiI8fhafhEqw&oe=693589E1
https://www.instagram.com/p/DE-EF1BRle4/,"FELIZ DIA DO ESTETICISTA! 🥼🩷

Hoje celebramos a profissão que transforma não só a pele, mas também a autoestima e a confiança de tantas pessoas. Ser esteticista é muito mais do que trabalhar com beleza – é cuidar, acolher e fazer a diferença na vida de cada cliente com dedicação, técnica e amor.

A cada atendimento, levamos ciência, arte e empatia, valorizando o bem-estar e a essência de quem confia no nosso trabalho. Que continuemos evoluindo, aprendendo e espalhando cuidados pelo mundo!

Parabéns a todos nós, profissionais que escolhemos essa linda missão! 💖

#diadoesteticista #esteticacomamor #cuidadoebeleza",Ana Carla | Estética em Mauá/SP,pablinni_p,45,13,2025-01-18T14:08:56.000Z,Feliz dia para a maior que temosssss 🔥❤️,18079488694544588,Parabéns para nós 😍❤️,2025-01-18T14:24:51.000Z,https://scontent-det1-1.cdninstagram.com/v/t51.82787-19/573144203_18094051630830850_2160254228860106010_n.jpg?stp=dst-jpg_e0_s150x150_tt6&_nc_cat=101&ig_cache_key=GIt8KSIC1QCwcUhAABr1vY-Gw-odbmNDAQAB1501500j-ccb7-5&ccb=7-5&_nc_sid=669407&efg=eyJ2ZW5jb2RlX3RhZyI6InByb2ZpbGVfcGljLnd3dy4xMDgwLkMzIn0%3D&_nc_ohc=7w5vpkvM43wQ7kNvwH0uU_d&_nc_oc=AdkgW6Uhb3YmQj5iHFLx7oY3LBcSb9P8ybXRgFfHrbGuGfHngdtgKj3gpQ12ds-be4g&_nc_ad=z-m&_nc_cid=0&_nc_zt=24&_nc_ht=scontent-det1-1.cdninstagram.com&_nc_gid=-w5UllxJfweYQXst3jNdtQ&oh=00_Afm7_NInJFDx4hXq8ETFmU8gRWiOOcxe9Ag0df2oW6hOCg&oe=69356AAD
https://www.instagram.com/p/DE-EF1BRle4/,"FELIZ DIA DO ESTETICISTA! 🥼🩷

Hoje celebramos a profissão que transforma não só a pele, mas também a autoestima e a confiança de tantas pessoas. Ser esteticista é muito mais do que trabalhar com beleza – é cuidar, acolher e fazer a diferença na vida de cada cliente com dedicação, técnica e amor.

A cada atendimento, levamos ciência, arte e empatia, valorizando o bem-estar e a essência de quem confia no nosso trabalho. Que continuemos evoluindo, aprendendo e espalhando cuidados pelo mundo!

Parabéns a todos nós, profissionais que escolhemos essa linda missão! 💖

#diadoesteticista #esteticacomamor #cuidadoebeleza",Ana Carla | Estética em Mauá/SP,luuh_ibiapino,45,13,2025-01-18T14:08:56.000Z,Feliz dia para a maior que temosssss 🔥❤️,18053707241031779,"Feliz dia pra melhor, seu trabalho é incrível ❤️❤️",2025-01-18T14:17:51.000Z,https://scontent-det1-1.cdninstagram.com/v/t51.2885-19/484418885_621999960673767_2104837704010901495_n.jpg?stp=dst-jpg_e0_s150x150_tt6&_nc_cat=103&ig_cache_key=GEWl3xznzbSmtDUCAPcna2m94jUdbkULAAAB1501500j-ccb7-5&ccb=7-5&_nc_sid=669407&efg=eyJ2ZW5jb2RlX3RhZyI6InByb2ZpbGVfcGljLnd3dy44MjguQzMifQ%3D%3D&_nc_ohc=N9um6Hrq41QQ7kNvwEZVp1t&_nc_oc=Admfj39IL7NXa552scXkahVCU_-_RqOyioCFxQTK4xFYfBG1OJZMqeEuaqZj5oiA3Q4&_nc_ad=z-m&_nc_cid=0&_nc_zt=24&_nc_ht=scontent-det1-1.cdninstagram.com&oh=00_Afk4_328Fz-wIPB_MU8GFIdW7E77PkjmLXHLkZ4A9EFmjA&oe=69356B21
https://www.instagram.com/p/CUsPXWAlLgN/,"É lacre que você quer? Então toma! 🤩🔥

• Vem agendar seu horário comigo também! ❤️✨",Ana Carla | Estética em Mauá/SP,carolrvieira_,15,2,2021-10-06T14:54:12.000Z,Melhor design 😍😍,18013925626318907,Melhor design 😍😍,2021-10-08T22:50:44.000Z,https://scontent-iad3-2.cdninstagram.com/v/t51.2885-19/321531099_560530232601403_6731899028219542267_n.jpg?stp=dst-jpg_e0_s150x150_tt6&_nc_cat=105&ig_cache_key=GNssKhM7a2adzP0BAPu60sB-gmxdbkULAAAB1501500j-ccb7-5&ccb=7-5&_nc_sid=669407&efg=eyJ2ZW5jb2RlX3RhZyI6InByb2ZpbGVfcGljLnd3dy4xMDgwLkMzIn0%3D&_nc_ohc=AhqOHaJ1qicQ7kNvwHb5eiO&_nc_oc=AdmuUL0P0qFal_jefQ0HIO6T8DR_BzmcRQvexkVreCT0pmnaO0p2hfR4pwy94unIGSQ&_nc_ad=z-m&_nc_cid=0&_nc_zt=24&_nc_ht=scontent-iad3-2.cdninstagram.com&oh=00_Afks1Zxkfs4blvioYu8E3Z1VkXjg_LjadajHkY-AEnnxNg&oe=69357A84
https://www.instagram.com/p/CXZtuPPuxAP/,"Foi lindo, que experiência incrível. Deus é e sempre será perfeito! Minha clínica ficou maravilhosa e ficará cada vez mais… Amanhã vou mostrar tudinho pra vocês, a recepção que ainda não mostrei 😂
Sou grata a todas as clientes que vieram me prestigiar! Deus abençoe pelo carinho e confiança no meu trabalho 🥰❤️",Ana Carla | Estética em Mauá/SP,_talitamaral,104,12,2021-12-12T23:48:05.000Z,"Parabéns meu anjo, que Deus continue te abençoando cada vez mais! Todo sucesso do mundo ❤️🎊😍",17935227172835292,"Parabéns meu anjo, que Deus continue te abençoando cada vez mais! Todo sucesso do mundo ❤️🎊🎊🎊🎊🎊😍",2021-12-14T02:53:33.000Z,https://scontent-ord5-3.cdninstagram.com/v/t51.82787-19/553319451_18526629799049972_3628075555055938652_n.jpg?stp=dst-jpg_e0_s150x150_tt6&_nc_cat=106&ig_cache_key=GBv8_iD0ug4k39FBAFwsY7V_g1kybmNDAQAB1501500j-ccb7-5&ccb=7-5&_nc_sid=669407&efg=eyJ2ZW5jb2RlX3RhZyI6InByb2ZpbGVfcGljLnd3dy4xMDgwLkMzIn0%3D&_nc_ohc=2wZ733gFRyUQ7kNvwEez0-W&_nc_oc=Adn2HoPFc6bPJeHASSbCN_LGgkd1I1kmvJoLbfuM4BtkcAL1KGZokEz8qgdubW-4ctc&_nc_ad=z-m&_nc_cid=0&_nc_zt=24&_nc_ht=scontent-ord5-3.cdninstagram.com&_nc_gid=fI2drkmUxlf5dgn_AvD8GQ&oh=00_Afkd1KZvGI0iVJh8kU93_DbtPcu4rG-DKDEtinT5OplCEQ&oe=693590C8
https://www.instagram.com/p/CXZtuPPuxAP/,"Foi lindo, que experiência incrível. Deus é e sempre será perfeito! Minha clínica ficou maravilhosa e ficará cada vez mais… Amanhã vou mostrar tudinho pra vocês, a recepção que ainda não mostrei 😂
Sou grata a todas as clientes que vieram me prestigiar! Deus abençoe pelo carinho e confiança no meu trabalho 🥰❤️",Ana Carla | Estética em Mauá/SP,talita_naval_fotografia,104,12,2021-12-12T23:48:05.000Z,"Parabéns meu anjo, que Deus continue te abençoando cada vez mais! Todo sucesso do mundo ❤️🎊😍",17900222348398840,Preciso ir conhecer 😍,2021-12-13T01:51:48.000Z,https://scontent-ord5-1.cdninstagram.com/v/t51.2885-19/322672483_1630755384022363_779134964297161472_n.jpg?stp=dst-jpg_e0_s150x150_tt6&_nc_cat=101&ig_cache_key=GGOXOxNbVWHTKcsFAADbBDsfC9AKbkULAAAB1501500j-ccb7-5&ccb=7-5&_nc_sid=669407&efg=eyJ2ZW5jb2RlX3RhZyI6InByb2ZpbGVfcGljLnd3dy44NTMuQzMifQ%3D%3D&_nc_ohc=WR1Z4o99j80Q7kNvwEQIKLV&_nc_oc=AdkI0b1VliUntaVn1vCysUl6CR95f9VjrPYGrrwtLMqlq_FceG0ISnjOqhb5glsra8E&_nc_ad=z-m&_nc_cid=0&_nc_zt=24&_nc_ht=scontent-ord5-1.cdninstagram.com&oh=00_AflLG6SXR8siBNFc2wMvWPstelX71_7N8nj6udiFlAbBgw&oe=69355F62
https://www.instagram.com/p/CXZtuPPuxAP/,"Foi lindo, que experiência incrível. Deus é e sempre será perfeito! Minha clínica ficou maravilhosa e ficará cada vez mais… Amanhã vou mostrar tudinho pra vocês, a recepção que ainda não mostrei 😂
Sou grata a todas as clientes que vieram me prestigiar! Deus abençoe pelo carinho e confiança no meu trabalho 🥰❤️",Ana Carla | Estética em Mauá/SP,talita_naval_fotografia,104,12,2021-12-12T23:48:05.000Z,"Parabéns meu anjo, que Deus continue te abençoando cada vez mais! Todo sucesso do mundo ❤️🎊😍",17951751517605897,Que linda 😍😍😍 que Deus abençoe vc cada dia mais e mais❤️,2021-12-13T01:51:40.000Z,https://scontent-ord5-1.cdninstagram.com/v/t51.2885-19/322672483_1630755384022363_779134964297161472_n.jpg?stp=dst-jpg_e0_s150x150_tt6&_nc_cat=101&ig_cache_key=GGOXOxNbVWHTKcsFAADbBDsfC9AKbkULAAAB1501500j-ccb7-5&ccb=7-5&_nc_sid=669407&efg=eyJ2ZW5jb2RlX3RhZyI6InByb2ZpbGVfcGljLnd3dy44NTMuQzMifQ%3D%3D&_nc_ohc=WR1Z4o99j80Q7kNvwEQIKLV&_nc_oc=AdkI0b1VliUntaVn1vCysUl6CR95f9VjrPYGrrwtLMqlq_FceG0ISnjOqhb5glsra8E&_nc_ad=z-m&_nc_cid=0&_nc_zt=24&_nc_ht=scontent-ord5-1.cdninstagram.com&oh=00_AflLG6SXR8siBNFc2wMvWPstelX71_7N8nj6udiFlAbBgw&oe=69355F62
https://www.instagram.com/p/CXZtuPPuxAP/,"Foi lindo, que experiência incrível. Deus é e sempre será perfeito! Minha clínica ficou maravilhosa e ficará cada vez mais… Amanhã vou mostrar tudinho pra vocês, a recepção que ainda não mostrei 😂
Sou grata a todas as clientes que vieram me prestigiar! Deus abençoe pelo carinho e confiança no meu trabalho 🥰❤️",Ana Carla | Estética em Mauá/SP,katiamodapijama,104,12,2021-12-12T23:48:05.000Z,"Parabéns meu anjo, que Deus continue te abençoando cada vez mais! Todo sucesso do mundo ❤️🎊😍",17951682415590297,Muito sucesso lindeza!! Deus abençoe essa nova fase!! 🙌🙌🙌🙌🙌,2021-12-13T01:10:38.000Z,https://scontent-ord5-3.cdninstagram.com/v/t51.2885-19/244566297_1034153254051483_2181284837102512574_n.jpg?stp=dst-jpg_e0_s150x150_tt6&_nc_cat=110&ig_cache_key=GBnJkw6b3lmRjqwDAL7pcJ0Ae0UebkULAAAB1501500j-ccb7-5&ccb=7-5&_nc_sid=669407&efg=eyJ2ZW5jb2RlX3RhZyI6InByb2ZpbGVfcGljLnd3dy4xMDgwLkMzIn0%3D&_nc_ohc=ij1vlEALaA8Q7kNvwG9pme5&_nc_oc=AdmXmNNvnn4iuRxvF1C3X56QOps6FJBwICKUktEXdvoa-1YWuWR_i0flAkTABqd8CGc&_nc_ad=z-m&_nc_cid=0&_nc_zt=24&_nc_ht=scontent-ord5-3.cdninstagram.com&oh=00_AfkjVPA6RxphSRn7fUW8rEWnWzFl1VC1jyC6E2bneoxO_g&oe=69356041
https://www.instagram.com/p/DDPwM96P7LL/,"Você conhece as micro correntes faciais? 

Um procedimento muito seguro e INCRÍVEL que cuida da sua pele com benefícios que a nossa pele mais precisa. 💆🏻‍♀️✨

Produção de colágeno: Estimula a síntese de colágeno e elastina.

Redução de linhas finas: Ameniza rugas e marcas de expressão.

Hidratação da pele: Melhora a absorção de ativos cosméticos.

Revitalização celular: Estimula a regeneração das células da pele.

Efeito lifting: Proporciona um aspecto mais jovem e 
levantado.

Estimulação muscular: Tonifica os músculos faciais, promovendo firmeza.

Melhora da circulação: Aumenta o fluxo sanguíneo, oxigenando os tecidos.

Seguro e não invasivo: Sem dor ou tempo de recuperação.",Ana Carla | Estética em Mauá/SP,pablinni_p,22,5,2024-12-06T17:59:47.000Z,😍😍😍😍 tudoooo!!,18007468820677683,😍😍😍😍 tudoooo!!,2024-12-06T18:26:36.000Z,https://scontent-det1-1.cdninstagram.com/v/t51.82787-19/573144203_18094051630830850_2160254228860106010_n.jpg?stp=dst-jpg_e0_s150x150_tt6&_nc_cat=101&ig_cache_key=GIt8KSIC1QCwcUhAABr1vY-Gw-odbmNDAQAB1501500j-ccb7-5&ccb=7-5&_nc_sid=669407&efg=eyJ2ZW5jb2RlX3RhZyI6InByb2ZpbGVfcGljLnd3dy4xMDgwLkMzIn0%3D&_nc_ohc=7w5vpkvM43wQ7kNvwHaSa6-&_nc_oc=Adk-LkE95B4z4Sy0DPh3eSrzPbbJaczg09sdM9GoazW6WrHOGrADJK80wedLqxFu0vI&_nc_ad=z-m&_nc_cid=0&_nc_zt=24&_nc_ht=scontent-det1-1.cdninstagram.com&_nc_gid=HN7v8bKgCz5fg_aRwBgrgA&oh=00_AfkGO7nNcOrDTRLZZ54tilBotIJnuq8YrJCvP3ODkYPSsA&oe=69356AAD
https://www.instagram.com/p/DDPwM96P7LL/,"Você conhece as micro correntes faciais? 

Um procedimento muito seguro e INCRÍVEL que cuida da sua pele com benefícios que a nossa pele mais precisa. 💆🏻‍♀️✨

Produção de colágeno: Estimula a síntese de colágeno e elastina.

Redução de linhas finas: Ameniza rugas e marcas de expressão.

Hidratação da pele: Melhora a absorção de ativos cosméticos.

Revitalização celular: Estimula a regeneração das células da pele.

Efeito lifting: Proporciona um aspecto mais jovem e 
levantado.

Estimulação muscular: Tonifica os músculos faciais, promovendo firmeza.

Melhora da circulação: Aumenta o fluxo sanguíneo, oxigenando os tecidos.

Seguro e não invasivo: Sem dor ou tempo de recuperação.",Ana Carla | Estética em Mauá/SP,laysmcdr,22,5,2024-12-06T17:59:47.000Z,😍😍😍😍 tudoooo!!,18079658587510232,Ja querooooo🔥🔥🔥,2024-12-06T18:09:36.000Z,https://scontent-det1-1.cdninstagram.com/v/t51.82787-19/550957078_17920536537160052_8990812774536328406_n.jpg?stp=dst-jpg_e0_s150x150_tt6&_nc_cat=106&ig_cache_key=GBbw1iB0WXsOoqo-ANY0SESVyMV8bmNDAQAB1501500j-ccb7-5&ccb=7-5&_nc_sid=669407&efg=eyJ2ZW5jb2RlX3RhZyI6InByb2ZpbGVfcGljLnd3dy4xMDgwLkMzIn0%3D&_nc_ohc=Ipz1amvcVQwQ7kNvwHEh_1q&_nc_oc=AdmUQowisgEXvHPPUXA8dNzpF5DwI7APIrGeuVXOlmZqOW5dLsXFI-hlyUHaLBQnrmE&_nc_ad=z-m&_nc_cid=0&_nc_zt=24&_nc_ht=scontent-det1-1.cdninstagram.com&_nc_gid=HN7v8bKgCz5fg_aRwBgrgA&oh=00_Afmg7AsuvU6Kypm6P9w9ajGzZvXS_q3HAt02EMDUeSGo-A&oe=69357FF8
https://www.instagram.com/p/DDPwM96P7LL/,"Você conhece as micro correntes faciais? 

Um procedimento muito seguro e INCRÍVEL que cuida da sua pele com benefícios que a nossa pele mais precisa. 💆🏻‍♀️✨

Produção de colágeno: Estimula a síntese de colágeno e elastina.

Redução de linhas finas: Ameniza rugas e marcas de expressão.

Hidratação da pele: Melhora a absorção de ativos cosméticos.

Revitalização celular: Estimula a regeneração das células da pele.

Efeito lifting: Proporciona um aspecto mais jovem e 
levantado.

Estimulação muscular: Tonifica os músculos faciais, promovendo firmeza.

Melhora da circulação: Aumenta o fluxo sanguíneo, oxigenando os tecidos.

Seguro e não invasivo: Sem dor ou tempo de recuperação.",Ana Carla | Estética em Mauá/SP,laysmcdr,22,5,2024-12-06T17:59:47.000Z,😍😍😍😍 tudoooo!!,18156529345327989,😍😍😍😍😍,2024-12-06T18:09:32.000Z,https://scontent-det1-1.cdninstagram.com/v/t51.82787-19/550957078_17920536537160052_8990812774536328406_n.jpg?stp=dst-jpg_e0_s150x150_tt6&_nc_cat=106&ig_cache_key=GBbw1iB0WXsOoqo-ANY0SESVyMV8bmNDAQAB1501500j-ccb7-5&ccb=7-5&_nc_sid=669407&efg=eyJ2ZW5jb2RlX3RhZyI6InByb2ZpbGVfcGljLnd3dy4xMDgwLkMzIn0%3D&_nc_ohc=Ipz1amvcVQwQ7kNvwHEh_1q&_nc_oc=AdmUQowisgEXvHPPUXA8dNzpF5DwI7APIrGeuVXOlmZqOW5dLsXFI-hlyUHaLBQnrmE&_nc_ad=z-m&_nc_cid=0&_nc_zt=24&_nc_ht=scontent-det1-1.cdninstagram.com&_nc_gid=HN7v8bKgCz5fg_aRwBgrgA&oh=00_Afmg7AsuvU6Kypm6P9w9ajGzZvXS_q3HAt02EMDUeSGo-A&oe=69357FF8
https://www.instagram.com/p/Cc08GM7u6Eb/,"✨ Massagem modeladora ✨

• Focaaaa nesse resultado, igual essa cliente focou!!! 😍😍😍😍

• Babado né? Me chama no direct e agende a sua avaliação comigo! ✨❣️",Ana Carla | Estética em Mauá/SP,jael.carvalho,21,1,2022-04-26T20:10:09.000Z,Resultado ótimo!! Parabéns!!,17930366840191261,Resultado ótimo!! Parabéns!!,2022-04-27T00:49:14.000Z,https://scontent-dfw5-2.cdninstagram.com/v/t51.82787-19/539349618_18373298194194507_3095182014238406248_n.jpg?stp=dst-jpg_e0_s150x150_tt6&_nc_cat=100&ig_cache_key=GHLSJSBLoDfYakZBAGi225mkS-QqbmNDAQAB1501500j-ccb7-5&ccb=7-5&_nc_sid=669407&efg=eyJ2ZW5jb2RlX3RhZyI6InByb2ZpbGVfcGljLnd3dy4xMDMyLkMzIn0%3D&_nc_ohc=LzzfuApheIIQ7kNvwE2gfMQ&_nc_oc=AdnttbrRqcgaCtocf0T-I_WhxoNqsOduvpBOvT9M3VhxZMnyR4IcLZ_F4zzM4O5lJFA&_nc_ad=z-m&_nc_cid=0&_nc_zt=24&_nc_ht=scontent-dfw5-2.cdninstagram.com&_nc_gid=Rh5-9zr6RUXtum601LopJw&oh=00_Afl5qpLnL12POTWLfF20m4ZcZKVF0maTviNowuq61H9S3A&oe=69359144
https://www.instagram.com/p/DEf9dGWP-c_/,"Recomendo e tenho esses procedimentos como meus xodós! 😍

Comenta aqui os seus procedimentos que não vive sem! 🤍✨",Ana Carla | Estética em Mauá/SP,_talitamaral,21,7,2025-01-06T21:36:48.000Z,"Vc é maravilhosa, amei as dicas ❤️",17903955147086491,"Vc é maravilhosa, amei as dicas ❤️",2025-01-07T17:40:03.000Z,https://scontent-det1-1.cdninstagram.com/v/t51.82787-19/553319451_18526629799049972_3628075555055938652_n.jpg?stp=dst-jpg_e0_s150x150_tt6&_nc_cat=106&ig_cache_key=GBv8_iD0ug4k39FBAFwsY7V_g1kybmNDAQAB1501500j-ccb7-5&ccb=7-5&_nc_sid=669407&efg=eyJ2ZW5jb2RlX3RhZyI6InByb2ZpbGVfcGljLnd3dy4xMDgwLkMzIn0%3D&_nc_ohc=2wZ733gFRyUQ7kNvwHujOnb&_nc_oc=AdlK61oC9TH2I-Gp3rp1iXEZz9ywbczacnXsqazp1wrfgkrQlgaojzXCuRm4MpglHdE&_nc_ad=z-m&_nc_cid=0&_nc_zt=24&_nc_ht=scontent-det1-1.cdninstagram.com&_nc_gid=bM_sEPpLAzNaaB23RWDPfA&oh=00_AfnGlXTBGZ4cU9oRov7kHcrytd9TWyNsTBaNIbMWBuHDQA&oe=693590C8
https://www.instagram.com/p/DEf9dGWP-c_/,"Recomendo e tenho esses procedimentos como meus xodós! 😍

Comenta aqui os seus procedimentos que não vive sem! 🤍✨",Ana Carla | Estética em Mauá/SP,luuh_ibiapino,21,7,2025-01-06T21:36:48.000Z,"Vc é maravilhosa, amei as dicas ❤️",18050323376321402,Amei as dicas 😍😍,2025-01-07T01:19:46.000Z,https://scontent-det1-1.cdninstagram.com/v/t51.2885-19/484418885_621999960673767_2104837704010901495_n.jpg?stp=dst-jpg_e0_s150x150_tt6&_nc_cat=103&ig_cache_key=GEWl3xznzbSmtDUCAPcna2m94jUdbkULAAAB1501500j-ccb7-5&ccb=7-5&_nc_sid=669407&efg=eyJ2ZW5jb2RlX3RhZyI6InByb2ZpbGVfcGljLnd3dy44MjguQzMifQ%3D%3D&_nc_ohc=N9um6Hrq41QQ7kNvwGCuad_&_nc_oc=AdnnJVyzhMtB1z85e1nHD_FrqKOE_cSRjOfBaariGOIQcd38bRnfWEOvZCnYgstG48E&_nc_ad=z-m&_nc_cid=0&_nc_zt=24&_nc_ht=scontent-det1-1.cdninstagram.com&oh=00_Afke8VdMP9S10CRUJtY3-bz0qRYGmk-fMcva--zfI54tuA&oe=69356B21
https://www.instagram.com/p/DEf9dGWP-c_/,"Recomendo e tenho esses procedimentos como meus xodós! 😍

Comenta aqui os seus procedimentos que não vive sem! 🤍✨",Ana Carla | Estética em Mauá/SP,espacolamarry,21,7,2025-01-06T21:36:48.000Z,"Vc é maravilhosa, amei as dicas ❤️",17944963574931497,😍😍😍😍😍,2025-01-06T22:58:21.000Z,https://scontent-det1-1.cdninstagram.com/v/t51.82787-19/523941312_18048590216545745_1386308997675202585_n.jpg?stp=dst-jpg_e0_s150x150_tt6&_nc_cat=102&ig_cache_key=GMC1Oh-RxY3gGB9AABm4WzuwKD0TbmNDAQAB1501500j-ccb7-5&ccb=7-5&_nc_sid=669407&efg=eyJ2ZW5jb2RlX3RhZyI6InByb2ZpbGVfcGljLnd3dy4xMDc5LkMzIn0%3D&_nc_ohc=p1Ue3u55CqkQ7kNvwHCHakg&_nc_oc=AdniscDWAKDl4_X7yKljF4mrQ-43WSb2ITT9-AkkaJeZ62oaBAZyWPLGXLKN3T31XrM&_nc_ad=z-m&_nc_cid=0&_nc_zt=24&_nc_ht=scontent-det1-1.cdninstagram.com&_nc_gid=bM_sEPpLAzNaaB23RWDPfA&oh=00_Afn16DUU7OqcqTDHqQGNvANpCrrya_twjA8P5KmO4wB7TA&oe=693589E1
https://www.instagram.com/p/DEf9dGWP-c_/,"Recomendo e tenho esses procedimentos como meus xodós! 😍

Comenta aqui os seus procedimentos que não vive sem! 🤍✨",Ana Carla | Estética em Mauá/SP,pablinni_p,21,7,2025-01-06T21:36:48.000Z,"Vc é maravilhosa, amei as dicas ❤️",18475561693032146,Eu amoooo!!! Time enzimas🙋🙋🙋🙋✨‍♀️💉 o resultado é sensacional😍,2025-01-06T22:09:39.000Z,https://scontent-det1-1.cdninstagram.com/v/t51.82787-19/573144203_18094051630830850_2160254228860106010_n.jpg?stp=dst-jpg_e0_s150x150_tt6&_nc_cat=101&ig_cache_key=GIt8KSIC1QCwcUhAABr1vY-Gw-odbmNDAQAB1501500j-ccb7-5&ccb=7-5&_nc_sid=669407&efg=eyJ2ZW5jb2RlX3RhZyI6InByb2ZpbGVfcGljLnd3dy4xMDgwLkMzIn0%3D&_nc_ohc=7w5vpkvM43wQ7kNvwEJ6CtG&_nc_oc=Adnw_fLUjS2nu9Aoib91e0Z8d3Pe8rgy6Jm4HehRGpMCvgI8laKcv86bXZ4inRhCUyk&_nc_ad=z-m&_nc_cid=0&_nc_zt=24&_nc_ht=scontent-det1-1.cdninstagram.com&_nc_gid=bM_sEPpLAzNaaB23RWDPfA&oh=00_AfnKO3d664t9JKoJQNok6zbVeqpXA7jaWevYdZRmF4F4mw&oe=69356AAD
https://www.instagram.com/p/DCE3L8EPuPd/,"Você sabia que nem sempre as linhas de expressão são sinais de envelhecimento? Muitas vezes, elas são apenas sinais de desidratação! 🤔🫣

• Em apenas uma sessão de limpeza de pele, foi possível reduzir as linhas pois era apenas falta de hidratação; 

• Com isso, devolvemos à pele a hidratação, nutrição, viço e um brilho saudável para essa pele! 🤍✨",Ana Carla | Estética em Mauá/SP,pablinni_p,7,2,2024-11-07T15:56:40.000Z,Uauuuu😍😍😍👏👏,18062764888744206,Uauuuu😍😍😍👏👏👏👏,2024-11-07T16:07:02.000Z,https://scontent-iad3-1.cdninstagram.com/v/t51.82787-19/573144203_18094051630830850_2160254228860106010_n.jpg?stp=dst-jpg_e0_s150x150_tt6&_nc_cat=101&ig_cache_key=GIt8KSIC1QCwcUhAABr1vY-Gw-odbmNDAQAB1501500j-ccb7-5&ccb=7-5&_nc_sid=669407&efg=eyJ2ZW5jb2RlX3RhZyI6InByb2ZpbGVfcGljLnd3dy4xMDgwLkMzIn0%3D&_nc_ohc=7w5vpkvM43wQ7kNvwGQ_Xv9&_nc_oc=Adlv7hUADJ6daquxIwDY7i8NWuc81jOkDVOJlF4A9S7ixCM6Sz056RkEsFrTVPSgMi4&_nc_ad=z-m&_nc_cid=0&_nc_zt=24&_nc_ht=scontent-iad3-1.cdninstagram.com&_nc_gid=JhegjlC4L7Mx1OgNz3HzDw&oh=00_AfnObST7kd_6R2xpIO1CxEq4H-HbKAj_0iMGR-0m7gTxDg&oe=69356AAD
https://www.instagram.com/p/Ca2VMG9ORsX/,"Feliz dia das mulheres para todas nós! ❤️✨

Guerreiras, fortes, lindas, carismáticas, carinhosas, destemidas é simplesmente maravilhosas! 💖

Hoje é o nosso dia e merecemos o mundo, na verdade… merecemos esquecer dele, não é mesmo?! Vai lá na @smft.barao hoje para receber uma massagem relaxante gratuita minha e esquecer de todo o mundo! Às 17h10 estarei lá 💖",Ana Carla | Estética em Mauá/SP,vanessa.maaciel,33,5,2022-03-08T16:05:52.000Z,😍❤️ feliz dia,17944658215738405,😍❤️ feliz dia,2022-03-08T23:10:23.000Z,https://scontent-lax3-2.cdninstagram.com/v/t51.2885-19/478539937_597252879873123_3853843599550495855_n.jpg?stp=dst-jpg_e0_s150x150_tt6&_nc_cat=111&ig_cache_key=GKHwhRxj9L7FMh8CAG_8HtNVmns1bkULAAAB1501500j-ccb7-5&ccb=7-5&_nc_sid=669407&efg=eyJ2ZW5jb2RlX3RhZyI6InByb2ZpbGVfcGljLnd3dy4xMDgwLkMzIn0%3D&_nc_ohc=A-lUljvi73oQ7kNvwGAdqqL&_nc_oc=AdmMNjq3u-BkmJSGnDAU5LwzMUxN6S4lJ087SDvzwhrzO7xvvu15QRwO1iEXr_e_-iU&_nc_ad=z-m&_nc_cid=0&_nc_zt=24&_nc_ht=scontent-lax3-2.cdninstagram.com&oh=00_AfmGfT0mlgINlFA78Ni4StkAssURv3FQUb9_XkuO0qKGcw&oe=69356F0C
https://www.instagram.com/p/Ca2VMG9ORsX/,"Feliz dia das mulheres para todas nós! ❤️✨

Guerreiras, fortes, lindas, carismáticas, carinhosas, destemidas é simplesmente maravilhosas! 💖

Hoje é o nosso dia e merecemos o mundo, na verdade… merecemos esquecer dele, não é mesmo?! Vai lá na @smft.barao hoje para receber uma massagem relaxante gratuita minha e esquecer de todo o mundo! Às 17h10 estarei lá 💖",Ana Carla | Estética em Mauá/SP,jeniffermandu,33,5,2022-03-08T16:05:52.000Z,😍❤️ feliz dia,17939188291837843,Feliz dia para você maravilhosa 😍❤️,2022-03-08T16:09:20.000Z,https://scontent-lax7-1.cdninstagram.com/v/t51.2885-19/485624725_1066151382196595_1645759606911936792_n.jpg?stp=dst-jpg_e0_s150x150_tt6&_nc_cat=101&ig_cache_key=GJUL8hxzoWm2qMkDABgprJOk6dYWbkULAAAB1501500j-ccb7-5&ccb=7-5&_nc_sid=669407&efg=eyJ2ZW5jb2RlX3RhZyI6InByb2ZpbGVfcGljLnd3dy44MjguQzMifQ%3D%3D&_nc_ohc=dHzXhlyuRykQ7kNvwGqvo36&_nc_oc=AdmeAUiomisz1e2U3_DlCj1PoAR0FGdmtzFmqG4yeM3QcGZZEM3gB_cF2AJb1tqVliM&_nc_ad=z-m&_nc_cid=0&_nc_zt=24&_nc_ht=scontent-lax7-1.cdninstagram.com&oh=00_AfkT2Kx9CV0opFUjgKC-qPxAsr1F3lYbTEBERaYcVPWsTw&oe=69358067
https://www.instagram.com/p/CUyPye2lajI/,"✨ Design com henna ✨

• Chama no alinhamento 😂
😍🔥

• Vem agendar seu horário também 😙❤️",Ana Carla | Estética em Mauá/SP,andressamourr,71,3,2021-10-08T22:53:21.000Z,Incrível seu trabalho 😍,17936623816696021,Incrível seu trabalho 😍,2021-11-07T23:32:49.000Z,https://scontent-yyz1-1.cdninstagram.com/v/t51.82787-19/570531599_18076151246519768_6430551714241671643_n.jpg?stp=dst-jpg_e0_s150x150_tt6&_nc_cat=109&cb=8438d1d6-2a815c44&ig_cache_key=GA_fASLYffTtKThAANtxJ6226D1ZbmNDAQAB1501500j-ccb7-5-cb8438d1d6-2a815c44&ccb=7-5&_nc_sid=669407&efg=eyJ2ZW5jb2RlX3RhZyI6InByb2ZpbGVfcGljLnd3dy4xMDgwLkMzIn0%3D&_nc_ohc=95qPv4WIjL8Q7kNvwFTX8s_&_nc_oc=AdkZHDPbJC0D5Uk5-BB2Jp8MGaw6U0Uf00srACSxxlANyXEtgATKLn1bkChpM5Ltkls&_nc_ad=z-m&_nc_cid=0&_nc_zt=24&_nc_ht=scontent-yyz1-1.cdninstagram.com&_nc_gid=7Dh6xxSSsT37avCeGLXvxQ&oh=00_Aflr5JWJncHcA_dyF8C_NGNNGnmQeYAWrJ622EFkMQrGEQ&oe=69356829
https://www.instagram.com/p/CUyPye2lajI/,"✨ Design com henna ✨

• Chama no alinhamento 😂
😍🔥

• Vem agendar seu horário também 😙❤️",Ana Carla | Estética em Mauá/SP,anarodriigues_,71,3,2021-10-08T22:53:21.000Z,Incrível seu trabalho 😍,17919988645844915,Ameeeei demais 😍 você arrasa ❤️,2021-10-08T22:55:30.000Z,https://scontent-yyz1-1.cdninstagram.com/v/t51.82787-19/580037049_18330910750213170_1350058350070623662_n.jpg?stp=dst-jpg_e0_s150x150_tt6&_nc_cat=102&cb=8438d1d6-2a815c44&ig_cache_key=GLmpkiIyBK2-3R9BAK5tAp7qXrwSbmNDAQAB1501500j-ccb7-5-cb8438d1d6-2a815c44&ccb=7-5&_nc_sid=669407&efg=eyJ2ZW5jb2RlX3RhZyI6InByb2ZpbGVfcGljLnd3dy4xMDgwLkMzIn0%3D&_nc_ohc=PNpNmTYd8jAQ7kNvwGaF6-b&_nc_oc=AdkqaylQECDvgzQBd99E2lNupWbSfWSgpxr1X8MsVsPo_ap9ej-dzpwwXkODj1V4q2o&_nc_ad=z-m&_nc_cid=0&_nc_zt=24&_nc_ht=scontent-yyz1-1.cdninstagram.com&_nc_gid=7Dh6xxSSsT37avCeGLXvxQ&oh=00_Afn19PREZLEgEQcVC_YXW-levthwPbc2_CHSqa31nZDnCQ&oe=6935848B
